,time,PVgen,netload,demand,normdemand
0,735781.0,-0.011,18.119,18.108,0.5522078555745303
1,735781.0006944445,-0.011,15.716,15.706,0.4789582825079287
2,735781.0013888889,-0.011,14.187,14.176,0.43230056111246645
3,735781.0020833333,-0.011,13.681,13.67,0.41686996828494755
4,735781.0027777778,-0.011,11.369,11.358,0.34636496706513786
5,735781.0034722221,-0.011,10.764,10.753,0.32791534520614785
6,735781.0041666665,-0.011,10.489,10.478,0.31952915345206145
7,735781.004861111,-0.011,10.52,10.51,0.3205050012198097
8,735781.0055555556,-0.011,10.558,10.547,0.3216333252012686
9,735781.00625,-0.011,10.499,10.488,0.31983410587948274
10,735781.0069444444,-0.011,10.406,10.395,0.3169980483044645
11,735781.0076388889,-0.011,10.336,10.325,0.31486338131251523
12,735781.0083333333,-0.011,10.206,10.195,0.3108989997560381
13,735781.0090277778,-0.011,10.171,10.16,0.3098316662600634
14,735781.0097222222,-0.011,10.117,10.107,0.3082154183947304
15,735781.0104166665,-0.011,10.052,10.041,0.3062027323737497
16,735781.0111111111,-0.011,11.613,11.603,0.3538363015369602
17,735781.0118055554,-0.011,13.872,13.862,0.4227250548914369
18,735781.0124999998,-0.011,14.997,14.986,0.45700170773359355
19,735781.0131944446,-0.011,17.481,17.47,0.5327518907050499
20,735781.0138888889,-0.011,17.716,17.706,0.5399487679921932
21,735781.0145833332,-0.011,17.831,17.82,0.5434252256647962
22,735781.0152777778,-0.011,16.972,16.961,0.5172298121493046
23,735781.0159722222,-0.011,14.403,14.393,0.43891802878750913
24,735781.0166666667,-0.011,11.44,11.43,0.3485606245425713
25,735781.0173611111,-0.011,10.615,10.604,0.3233715540375701
26,735781.0180555556,-0.011,10.31,10.299,0.3140705050012198
27,735781.01875,-0.011,10.267,10.256,0.3127592095633081
28,735781.0194444443,-0.011,9.192,9.181,0.27997682361551596
29,735781.0201388889,-0.011,8.797,8.786,0.2679312027323737
30,735781.0208333333,-0.011,8.559,8.548,0.26067333495974626
31,735781.021527778,-0.011,12.145,12.135,0.37005977067577456
32,735781.0222222221,-0.011,12.38,12.369,0.3771956574774335
33,735781.0229166667,-0.011,12.435,12.424,0.37887289582825073
34,735781.0236111111,-0.011,13.866,13.855,0.422511588192242
35,735781.0243055555,-0.011,13.966,13.956,0.42559160770919735
36,735781.025,-0.011,14.014,14.003,0.42702488411807754
37,735781.0256944445,-0.011,14.016,14.005,0.42708587460356184
38,735781.026388889,-0.011,17.531,17.52,0.5342766528421565
39,735781.0270833332,-0.011,16.699,16.688,0.5089046108807026
40,735781.0277777779,-0.011,14.738,14.727,0.4491034398633813
41,735781.0284722222,-0.011,14.152,14.141,0.4312332276164918
42,735781.0291666666,-0.011,17.581,17.57,0.5358014149792633
43,735781.0298611111,-0.011,17.022,17.011,0.5187545742864113
44,735781.0305555556,-0.011,13.85,13.839,0.4220236643083679
45,735781.03125,-0.011,13.01,12.999,0.3964076604049768
46,735781.0319444444,-0.011,11.385,11.374,0.34685289094901195
47,735781.0326388889,-0.011,10.81,10.799,0.3293181263722859
48,735781.0333333333,-0.011,10.047,10.036,0.306050256160039
49,735781.0340277778,-0.011,7.487,7.476,0.2279824347401805
50,735781.0347222221,-0.011,6.782,6.771,0.2064832886069773
51,735781.0354166665,-0.011,6.336,6.325,0.19288241034398634
52,735781.036111111,-0.011,7.053,7.042,0.21474749939009513
53,735781.0368055555,-0.011,6.794,6.783,0.2068492315198829
54,735781.0375,-0.011,6.801,6.79,0.20706269821907783
55,735781.0381944445,-0.011,6.911,6.9,0.21041717492071238
56,735781.0388888889,-0.011,7.104,7.093,0.21630275676994387
57,735781.0395833333,-0.011,7.283,7.272,0.22176140522078555
58,735781.0402777778,-0.011,7.504,7.493,0.22850085386679678
59,735781.0409722222,-0.011,7.533,7.522,0.2293852159063186
60,735781.0416666665,-0.011,9.171,9.16,0.2793364235179312
61,735781.0423611111,-0.011,13.567,13.556,0.4133935106123444
62,735781.0430555557,-0.011,14.595,14.584,0.4447426201512564
63,735781.0437499998,-0.011,11.106,11.095,0.33834471822395706
64,735781.0444444444,-0.011,10.363,10.352,0.3156867528665528
65,735781.0451388889,-0.011,8.592,8.581,0.2616796779702366
66,735781.0458333332,-0.011,5.969,5.958,0.18169065625762382
67,735781.0465277778,-0.011,6.464,6.453,0.19678580141497926
68,735781.0472222222,-0.011,10.308,10.297,0.31400951451573555
69,735781.0479166667,-0.011,12.914,12.903,0.39348011710173214
70,735781.0486111111,-0.011,12.914,12.904,0.39351061234447426
71,735781.0493055554,-0.011,13.136,13.125,0.4002500609904855
72,735781.05,-0.011,14.534,14.523,0.4428824103439863
73,735781.0506944446,-0.011,14.583,14.572,0.4443766772383508
74,735781.0513888889,-0.011,11.517,11.507,0.35090875823371553
75,735781.0520833333,-0.011,8.627,8.616,0.26274701146621127
76,735781.052777778,-0.011,6.945,6.934,0.21145401317394485
77,735781.0534722221,-0.011,6.903,6.892,0.2101732129787753
78,735781.0541666667,-0.011,6.909,6.898,0.21035618443522808
79,735781.0548611111,-0.011,6.905,6.894,0.21023420346425956
80,735781.0555555556,-0.011,6.906,6.895,0.21026469870700168
81,735781.05625,-0.011,6.853,6.843,0.20867894608441082
82,735781.0569444444,-0.011,6.0,5.989,0.1826360087826299
83,735781.057638889,-0.011,7.634,7.623,0.23246523542327396
84,735781.0583333332,-0.011,8.958,8.948,0.2728714320565992
85,735781.0590277779,-0.011,9.032,9.021,0.2750975847767748
86,735781.0597222222,-0.011,9.051,9.041,0.27570748963161745
87,735781.0604166666,-0.011,7.294,7.283,0.22209685289094902
88,735781.0611111111,-0.011,6.198,6.187,0.18867406684557209
89,735781.0618055555,-0.011,5.553,5.543,0.16903513051963892
90,735781.0625,-0.011,6.009,5.998,0.1829104659673091
91,735781.0631944445,-0.011,6.879,6.868,0.20944132715296412
92,735781.0638888889,-0.011,6.912,6.902,0.21047816540619663
93,735781.0645833333,-0.011,6.915,6.904,0.21053915589168087
94,735781.0652777778,-0.011,8.076,8.065,0.2459441327152964
95,735781.0659722221,-0.011,10.591,10.58,0.32263966821175893
96,735781.0666666665,-0.011,10.407,10.396,0.31702854354720666
97,735781.067361111,-0.011,10.4,10.39,0.31684557209075387
98,735781.0680555556,-0.011,8.577,8.566,0.26122224932910465
99,735781.06875,-0.011,7.347,7.336,0.223713100756282
100,735781.0694444444,-0.011,5.79,5.779,0.17623200780678214
101,735781.0701388889,-0.011,5.399,5.388,0.16430836789460843
102,735781.0708333333,-0.011,5.303,5.292,0.16138082459136374
103,735781.0715277778,-0.011,5.447,5.437,0.16580263478897292
104,735781.0722222222,-0.011,5.448,5.437,0.16580263478897292
105,735781.0729166665,-0.011,5.994,5.984,0.18248353256891925
106,735781.0736111111,-0.011,8.906,8.895,0.27125518419126615
107,735781.0743055554,-0.011,8.857,8.846,0.26976091729690166
108,735781.0749999998,-0.011,9.678,9.667,0.29479751158819223
109,735781.0756944446,-0.011,9.568,9.558,0.29147353012929983
110,735781.0763888889,-0.011,7.725,7.714,0.235240302512808
111,735781.0770833332,-0.011,7.001,6.99,0.21316174676750427
112,735781.0777777778,-0.011,6.915,6.904,0.21053915589168087
113,735781.0784722222,-0.011,6.904,6.893,0.21020370822151743
114,735781.0791666667,-0.011,6.936,6.925,0.21117955598926566
115,735781.0798611111,-0.011,6.893,6.882,0.20986826055135396
116,735781.0805555556,-0.011,6.86,6.849,0.2088619175408636
117,735781.08125,-0.011,6.08,6.069,0.18507562820200046
118,735781.0819444443,-0.011,5.561,5.551,0.169279092461576
119,735781.0826388889,-0.011,5.167,5.157,0.15726396682117588
120,735781.0833333333,-0.011,5.203,5.192,0.1583313003171505
121,735781.084027778,-0.011,7.829,7.819,0.23844230300073188
122,735781.0847222221,-0.011,9.451,9.44,0.2878750914857282
123,735781.0854166667,-0.011,9.328,9.317,0.28412417662844597
124,735781.0861111111,-0.011,8.666,8.656,0.26396682117589654
125,735781.0868055555,-0.011,7.9,7.889,0.24057696999268113
126,735781.0875,-0.011,7.21,7.2,0.21956574774335202
127,735781.0881944445,-0.011,7.833,7.823,0.2385642839717004
128,735781.088888889,-0.011,10.561,10.551,0.32175530617223713
129,735781.0895833332,-0.011,10.521,10.511,0.3205354964625518
130,735781.0902777779,-0.011,10.433,10.422,0.3178214198585021
131,735781.0909722222,-0.011,9.469,9.459,0.2884545010978287
132,735781.0916666666,-0.011,7.184,7.173,0.21874237618931447
133,735781.0923611111,-0.011,8.52,8.51,0.25951451573554524
134,735781.0930555556,-0.011,8.987,8.976,0.2737252988533789
135,735781.09375,-0.011,8.98,8.97,0.2735423273969261
136,735781.0944444444,-0.011,7.057,7.046,0.21486948036106368
137,735781.0951388889,-0.011,6.091,6.08,0.18541107587216393
138,735781.0958333333,-0.011,5.257,5.246,0.15997804342522567
139,735781.0965277778,-0.011,5.393,5.382,0.16412539643815563
140,735781.0972222221,-0.011,6.382,6.371,0.1942851915101244
141,735781.0979166665,-0.011,7.294,7.283,0.22209685289094902
142,735781.098611111,-0.011,7.324,7.313,0.22301171017321295
143,735781.0993055555,-0.011,7.399,7.388,0.22529885337887287
144,735781.1,-0.011,7.365,7.354,0.2242620151256404
145,735781.1006944445,-0.011,7.046,7.035,0.2145340326909002
146,735781.1013888889,-0.011,6.911,6.9,0.21041717492071238
147,735781.1020833333,-0.011,10.543,10.532,0.3211758965601366
148,735781.1027777778,-0.011,10.327,10.316,0.31458892412783607
149,735781.1034722222,-0.011,9.965,9.954,0.3035496462551842
150,735781.1041666665,-0.011,12.618,12.608,0.3844840204928031
151,735781.1048611111,-0.011,12.629,12.619,0.3848194681629665
152,735781.1055555557,-0.011,13.113,13.102,0.39954867040741643
153,735781.1062499998,-0.011,14.618,14.607,0.4454440107343254
154,735781.1069444444,-0.011,11.204,11.193,0.341333252012686
155,735781.1076388889,-0.011,9.783,9.772,0.29799951207611614
156,735781.1083333332,-0.011,9.295,9.284,0.2831178336179556
157,735781.1090277778,-0.011,9.673,9.662,0.2946450353744816
158,735781.1097222222,-0.011,11.161,11.151,0.3400524518175164
159,735781.1104166667,-0.011,11.083,11.073,0.3376738228836301
160,735781.1111111111,-0.011,9.34,9.329,0.28449011954135156
161,735781.1118055554,-0.011,6.126,6.115,0.18647840936813856
162,735781.1125,-0.011,7.805,7.795,0.2377104171749207
163,735781.1131944446,-0.011,7.665,7.655,0.2334410831910222
164,735781.1138888889,-0.011,7.397,7.386,0.22523786289338862
165,735781.1145833333,-0.011,7.078,7.067,0.21550988045864844
166,735781.115277778,-0.011,7.042,7.032,0.2144425469626738
167,735781.1159722221,-0.011,6.247,6.236,0.19016833373993655
168,735781.1166666667,-0.011,5.757,5.746,0.17522566479629179
169,735781.1173611111,-0.011,5.413,5.402,0.1647353012929983
170,735781.1180555556,-0.011,5.402,5.392,0.16443034886557698
171,735781.11875,-0.011,5.599,5.588,0.1704074164430349
172,735781.1194444444,-0.011,10.317,10.306,0.3142839717004147
173,735781.120138889,-0.011,12.837,12.826,0.39113198341058797
174,735781.1208333332,-0.011,12.955,12.944,0.39473042205415954
175,735781.1215277779,-0.011,12.299,12.288,0.3747255428153208
176,735781.1222222222,-0.011,10.175,10.164,0.3099536472310319
177,735781.1229166666,-0.011,10.96,10.95,0.33392290802634783
178,735781.1236111111,-0.011,10.837,10.826,0.33014149792632347
179,735781.1243055555,-0.011,8.02,8.009,0.244236399121737
180,735781.125,-0.011,7.483,7.472,0.22786045376921202
181,735781.1256944445,-0.011,7.113,7.102,0.21657721395462307
182,735781.1263888889,-0.011,7.093,7.083,0.21599780434252255
183,735781.1270833333,-0.011,7.087,7.076,0.2157843376433276
184,735781.1277777778,-0.011,6.964,6.954,0.2120639180287875
185,735781.1284722221,-0.011,6.029,6.019,0.18355086606489388
186,735781.1291666665,-0.011,5.795,5.784,0.17638448402049278
187,735781.129861111,-0.011,7.165,7.155,0.21819346181995608
188,735781.1305555556,-0.011,8.991,8.98,0.2738472798243474
189,735781.13125,-0.011,8.663,8.653,0.26387533544767017
190,735781.1319444444,-0.011,7.268,7.257,0.22130397657965356
191,735781.1326388889,-0.011,6.024,6.013,0.18336789460844108
192,735781.1333333333,-0.011,5.162,5.151,0.15708099536472309
193,735781.1340277778,-0.011,5.158,5.148,0.1569895096364967
194,735781.1347222222,-0.011,7.087,7.076,0.2157843376433276
195,735781.1354166665,-0.011,10.246,10.236,0.31214930470846547
196,735781.1361111111,-0.011,10.542,10.532,0.3211758965601366
197,735781.1368055554,-0.011,10.571,10.56,0.3220297633569163
198,735781.1374999998,-0.011,9.02,9.009,0.2747316418638692
199,735781.1381944446,-0.011,7.901,7.891,0.2406379604781654
200,735781.1388888889,-0.011,9.539,9.528,0.29055867284703585
201,735781.1395833332,-0.011,10.416,10.406,0.31733349597462795
202,735781.1402777778,-0.011,9.57,9.559,0.29150402537204195
203,735781.1409722222,-0.011,9.175,9.164,0.2794584044888997
204,735781.1416666667,-0.011,9.08,9.069,0.2765613564283972
205,735781.1423611111,-0.011,9.069,9.059,0.2762564040009758
206,735781.1430555556,-0.011,7.944,7.934,0.24194925591607708
207,735781.14375,-0.011,6.409,6.398,0.19510856306416197
208,735781.1444444443,-0.01,5.504,5.494,0.16754086362527446
209,735781.1451388889,-0.008,3.037,3.029,0.09237009026591851
210,735781.1458333333,-0.008,3.671,3.663,0.11170407416443033
211,735781.146527778,-0.008,4.144,4.136,0.1261283239814589
212,735781.1472222221,-0.008,6.534,6.526,0.1990119541351549
213,735781.1479166667,-0.008,8.666,8.659,0.26405830690412296
214,735781.1486111111,-0.008,8.991,8.983,0.2739387655525738
215,735781.1493055555,-0.008,13.503,13.495,0.4115333008050744
216,735781.15,-0.008,14.414,14.406,0.43931446694315684
217,735781.1506944445,-0.008,15.874,15.866,0.4838375213466699
218,735781.151388889,-0.008,12.103,12.095,0.3688399609660893
219,735781.1520833332,-0.008,10.61,10.602,0.3233105635520859
220,735781.1527777779,-0.008,9.758,9.75,0.2973286167357892
221,735781.1534722222,-0.008,7.431,7.423,0.22636618687484752
222,735781.1541666666,-0.008,6.514,6.507,0.1984325445230544
223,735781.1548611111,-0.008,6.95,6.942,0.21169797511588193
224,735781.1555555556,-0.008,11.035,11.027,0.33627104171749206
225,735781.15625,-0.008,11.13,11.122,0.3391680897779946
226,735781.1569444444,-0.008,10.529,10.521,0.32084044888997315
227,735781.1576388889,-0.008,10.434,10.426,0.3179434008294706
228,735781.1583333333,-0.008,9.224,9.216,0.28104415711149056
229,735781.1590277778,-0.008,13.931,13.923,0.424585264698707
230,735781.1597222221,-0.008,13.18,13.172,0.4016833373993657
231,735781.1604166665,-0.008,13.561,13.553,0.4133020248841181
232,735781.161111111,-0.008,14.788,14.78,0.4507196877287143
233,735781.1618055555,-0.008,12.146,12.138,0.37015125640400093
234,735781.1625,-0.008,14.533,14.525,0.4429434008294706
235,735781.1631944445,-0.008,10.166,10.158,0.3097706757745791
236,735781.1638888889,-0.008,8.374,8.366,0.2551232007806782
237,735781.1645833333,-0.008,6.555,6.547,0.19965235423273966
238,735781.1652777778,-0.008,6.126,6.118,0.18656989509636496
239,735781.1659722222,-0.008,7.464,7.456,0.22737252988533788
240,735781.1666666665,-0.008,9.493,9.485,0.28924737740912415
241,735781.1673611111,-0.008,10.311,10.303,0.31419248597218835
242,735781.1680555557,-0.008,13.094,13.086,0.39906074652354234
243,735781.1687499998,-0.008,11.396,11.388,0.3472798243474018
244,735781.1694444444,-0.008,11.887,11.879,0.3622529885337887
245,735781.1701388889,-0.008,11.752,11.744,0.35813613076360085
246,735781.1708333332,-0.008,9.316,9.308,0.28384971944376675
247,735781.1715277778,-0.008,6.799,6.791,0.20709319346181995
248,735781.1722222222,-0.008,7.814,7.806,0.23804586484508417
249,735781.1729166667,-0.008,7.955,7.947,0.2423456940717248
250,735781.1736111111,-0.008,7.762,7.754,0.23646011222249327
251,735781.1743055554,-0.008,7.698,7.69,0.23450841668699682
252,735781.175,-0.008,7.588,7.58,0.23115393998536227
253,735781.1756944446,-0.008,7.457,7.449,0.22715906318614296
254,735781.1763888889,-0.008,7.365,7.357,0.2243535008538668
255,735781.1770833333,-0.008,7.071,7.063,0.2153878994876799
256,735781.177777778,-0.008,6.489,6.481,0.19763966821175896
257,735781.1784722221,-0.008,6.244,6.236,0.19016833373993655
258,735781.1791666667,-0.008,5.593,5.585,0.17031593071480847
259,735781.1798611111,-0.008,7.955,7.947,0.2423456940717248
260,735781.1805555556,-0.008,13.006,12.998,0.39637716516223465
261,735781.18125,-0.008,13.048,13.04,0.3976579653574042
262,735781.1819444444,-0.008,13.194,13.186,0.4021102707977555
263,735781.182638889,-0.008,13.203,13.195,0.40238472798243474
264,735781.1833333332,-0.008,13.698,13.69,0.4174798731397902
265,735781.1840277779,-0.008,13.699,13.691,0.4175103683825323
266,735781.1847222222,-0.008,14.422,14.414,0.4395584288850939
267,735781.1854166666,-0.008,10.054,10.046,0.30635520858746035
268,735781.1861111111,-0.008,8.537,8.529,0.26009392534764575
269,735781.1868055555,-0.008,7.341,7.333,0.2236216150280556
270,735781.1875,-0.008,7.081,7.073,0.21569285191510124
271,735781.1881944445,-0.008,6.026,6.018,0.18352037082215172
272,735781.1888888889,-0.008,6.177,6.169,0.1881251524762137
273,735781.1895833333,-0.008,9.259,9.251,0.2821114906074652
274,735781.1902777778,-0.008,9.365,9.357,0.28534398633813124
275,735781.1909722221,-0.008,9.48,9.472,0.28885093925347644
276,735781.1916666665,-0.008,9.546,9.538,0.2908636252744572
277,735781.192361111,-0.008,9.482,9.474,0.28891192973896074
278,735781.1930555556,-0.008,9.653,9.645,0.2941266162478653
279,735781.19375,-0.008,9.742,9.734,0.2968406928519151
280,735781.1944444444,-0.008,7.918,7.91,0.24121737009026592
281,735781.1951388889,-0.009,6.305,6.296,0.1919980483044645
282,735781.1958333333,-0.009,6.189,6.18,0.18846060014637714
283,735781.1965277778,-0.009,6.176,6.167,0.18806416199072942
284,735781.1972222222,-0.009,6.163,6.154,0.1876677238350817
285,735781.1979166665,-0.041,5.858,5.816,0.177360331788241
286,735781.1986111111,-0.078,5.905,5.826,0.17766528421566233
287,735781.1993055554,-0.077,10.28,10.203,0.31114296169797506
288,735781.1999999998,-0.075,13.128,13.053,0.398054403513052
289,735781.2006944446,-0.074,14.432,14.358,0.43785069529153453
290,735781.2013888889,-0.051,16.51,16.459,0.5019212002927543
291,735781.2020833332,-0.009,14.035,14.026,0.4277262747011466
292,735781.2027777778,-0.009,11.493,11.484,0.3502073676506465
293,735781.2034722222,-0.009,7.633,7.624,0.2324957306660161
294,735781.2041666667,-0.009,6.47,6.461,0.19702976335691633
295,735781.2048611111,-0.026,6.241,6.214,0.18949743839960967
296,735781.2055555556,-0.065,6.382,6.316,0.19260795315930712
297,735781.20625,-0.062,6.38,6.319,0.19269943888753355
298,735781.2069444443,-0.058,6.18,6.122,0.18669187606733348
299,735781.2076388889,-0.054,6.106,6.052,0.18455720907538423
300,735781.2083333333,-0.044,6.083,6.038,0.1841302756769944
301,735781.209027778,-0.009,6.065,6.056,0.18467919004635275
302,735781.2097222221,-0.009,6.239,6.23,0.18998536228348378
303,735781.2104166667,-0.009,5.985,5.976,0.18223957062698218
304,735781.2111111111,-0.009,5.913,5.904,0.18004391314954865
305,735781.2118055555,-0.009,6.014,6.005,0.183123932666504
306,735781.2125,-0.009,6.417,6.408,0.1954135154915833
307,735781.2131944445,-0.01,7.213,7.203,0.21965723347157842
308,735781.213888889,-0.01,7.43,7.42,0.22627470114662113
309,735781.2145833332,-0.01,7.425,7.415,0.22612222493291045
310,735781.2152777779,-0.012,7.738,7.725,0.23557575018297144
311,735781.2159722222,-0.001,10.601,10.6,0.32324957306660157
312,735781.2166666666,0.003,10.703,10.706,0.3264820687972676
313,735781.2173611111,0.007,10.649,10.656,0.32495730666016104
314,735781.2180555556,0.01,11.438,11.448,0.34910953891192975
315,735781.21875,0.012,15.665,15.677,0.4780739204684069
316,735781.2194444444,-0.009,15.244,15.235,0.46459502317638446
317,735781.2201388889,-0.01,14.965,14.955,0.45605635520858745
318,735781.2208333333,-0.01,13.108,13.098,0.39942668943644793
319,735781.2215277778,-0.01,14.404,14.395,0.4389790192729934
320,735781.2222222221,-0.01,14.457,14.448,0.4405952671383264
321,735781.2229166665,-0.01,10.5,10.49,0.31989509636496705
322,735781.223611111,-0.01,10.796,10.786,0.3289216882166382
323,735781.2243055555,-0.01,10.568,10.558,0.32196877287143205
324,735781.225,-0.01,10.694,10.685,0.32584166869968284
325,735781.2256944445,-0.01,9.923,9.914,0.3023298365454989
326,735781.2263888889,0.027,8.099,8.126,0.24780434252256645
327,735781.2270833333,0.041,7.245,7.286,0.2221883386191754
328,735781.2277777778,0.048,7.192,7.24,0.22078555745303732
329,735781.2284722222,0.054,7.246,7.3,0.22261527201756523
330,735781.2291666665,0.061,6.967,7.027,0.21429007074896317
331,735781.2298611111,0.068,6.787,6.855,0.2090448889973164
332,735781.2305555557,0.075,6.114,6.189,0.18873505733105636
333,735781.2312499998,0.083,6.317,6.4,0.19516955354964627
334,735781.2319444444,0.09,6.748,6.839,0.2085569651134423
335,735781.2326388889,0.098,10.118,10.216,0.3115393998536228
336,735781.2333333332,0.105,10.064,10.169,0.31010612344474264
337,735781.2340277778,0.113,9.978,10.091,0.3077274945108563
338,735781.2347222222,0.121,8.834,8.955,0.27308489875579406
339,735781.2354166667,0.129,7.446,7.575,0.23100146377165162
340,735781.2361111111,0.138,7.054,7.192,0.21932178580141498
341,735781.2368055554,0.146,8.356,8.502,0.2592705537936082
342,735781.2375,0.154,8.207,8.36,0.2549402293242254
343,735781.2381944446,0.161,10.427,10.588,0.322883630153696
344,735781.2388888889,0.169,12.277,12.446,0.37954379116857767
345,735781.2395833333,0.176,11.797,11.973,0.36511954135154917
346,735781.240277778,0.177,11.575,11.752,0.35838009270553794
347,735781.2409722221,0.176,8.956,9.132,0.27848255672115146
348,735781.2416666667,0.159,8.493,8.652,0.263844840204928
349,735781.2423611111,0.152,12.293,12.445,0.37951329592583555
350,735781.2430555556,0.149,12.015,12.164,0.37094413271529636
351,735781.24375,0.147,11.814,11.961,0.3647535984386436
352,735781.2444444444,0.148,11.635,11.782,0.35929494998780187
353,735781.245138889,0.161,10.58,10.741,0.32754940229324225
354,735781.2458333332,0.158,11.342,11.501,0.35072578677726274
355,735781.2465277779,0.181,8.931,9.112,0.27787265186630883
356,735781.2472222222,0.224,8.325,8.55,0.26073432544523056
357,735781.2479166666,0.233,7.789,8.022,0.24463283727738472
358,735781.2486111111,0.237,9.282,9.519,0.2902842156623567
359,735781.2493055555,0.26,12.766,13.026,0.3972310319590144
360,735781.25,0.274,15.1,15.374,0.46883386191754084
361,735781.2506944445,0.293,14.964,15.256,0.4652354232739692
362,735781.2513888889,0.307,13.779,14.085,0.42952549402293244
363,735781.2520833333,0.333,12.77,13.103,0.39957916565015855
364,735781.2527777778,0.35,11.523,11.873,0.3620700170773359
365,735781.2534722221,0.357,10.686,11.043,0.33675896560136614
366,735781.2541666665,0.363,12.443,12.806,0.3905220785557453
367,735781.254861111,0.369,12.142,12.511,0.38152598194681625
368,735781.2555555556,0.375,10.136,10.511,0.3205354964625518
369,735781.25625,0.386,10.282,10.668,0.3253232495730666
370,735781.2569444444,0.402,7.995,8.396,0.2560380580629422
371,735781.2576388889,0.414,6.112,6.526,0.1990119541351549
372,735781.2583333333,0.433,6.204,6.636,0.20236643083678946
373,735781.2590277778,0.451,8.114,8.565,0.2611917540863625
374,735781.2597222222,0.473,9.942,10.415,0.3176079531593071
375,735781.2604166665,0.499,9.663,10.163,0.30992315198828985
376,735781.2611111111,0.515,9.706,10.221,0.3116918760673335
377,735781.2618055554,0.527,9.817,10.344,0.31544279092461575
378,735781.2624999998,0.536,11.561,12.097,0.36890095145157353
379,735781.2631944446,0.529,13.359,13.888,0.42351793120273235
380,735781.2638888889,0.53,12.175,12.705,0.3874420590387899
381,735781.2645833332,0.537,9.85,10.388,0.31678458160526957
382,735781.2652777778,0.55,9.597,10.147,0.3094352281044157
383,735781.2659722222,0.561,9.674,10.235,0.3121188094657233
384,735781.2666666667,0.574,9.547,10.12,0.3086118565503781
385,735781.2673611111,0.588,9.202,9.79,0.29854842644547447
386,735781.2680555556,0.61,6.764,7.374,0.22487191998048303
387,735781.26875,0.637,6.135,6.772,0.20651378384971944
388,735781.2694444443,0.666,7.971,8.637,0.263387411563796
389,735781.2701388889,0.692,9.875,10.568,0.32227372529885334
390,735781.2708333333,0.715,9.737,10.452,0.318736277140766
391,735781.271527778,0.723,9.722,10.444,0.318492315198829
392,735781.2722222221,0.725,9.544,10.269,0.3131556477189558
393,735781.2729166667,0.723,9.336,10.059,0.30675164674310806
394,735781.2736111111,0.732,9.453,10.185,0.31059404732861673
395,735781.2743055555,0.748,10.352,11.1,0.3384971944376677
396,735781.275,0.765,12.061,12.826,0.39113198341058797
397,735781.2756944445,0.776,10.057,10.834,0.3303854598682605
398,735781.276388889,0.779,10.065,10.844,0.33069041229568186
399,735781.2770833332,0.763,10.219,10.982,0.33489875579409606
400,735781.2777777779,0.459,10.46,10.919,0.3329775555013418
401,735781.2784722222,0.441,10.326,10.767,0.3283422786045377
402,735781.2791666666,0.564,10.119,10.683,0.32578067821419854
403,735781.2798611111,0.44,8.277,8.718,0.26585752622590875
404,735781.2805555556,0.441,7.378,7.819,0.23844230300073188
405,735781.28125,0.402,7.184,7.586,0.23133691144181506
406,735781.2819444444,0.384,10.677,11.06,0.3372773847279824
407,735781.2826388889,0.392,10.621,11.013,0.3358441083191022
408,735781.2833333333,0.359,10.589,10.948,0.33386191754086364
409,735781.2840277778,0.339,9.185,9.524,0.2904366918760673
410,735781.2847222221,0.325,7.691,8.016,0.24444986582093192
411,735781.2854166665,0.319,6.843,7.162,0.218406928519151
412,735781.286111111,0.32,6.763,7.083,0.21599780434252255
413,735781.2868055555,0.323,6.771,7.094,0.21633325201268602
414,735781.2875,0.326,6.59,6.916,0.2109050988045865
415,735781.2881944445,0.339,7.92,8.259,0.2518602098072701
416,735781.2888888889,0.362,9.957,10.319,0.31468040985606244
417,735781.2895833333,0.376,9.779,10.155,0.30967919004635275
418,735781.2902777778,0.408,11.572,11.98,0.3653330080507441
419,735781.2909722222,0.424,13.218,13.642,0.4160161014881678
420,735781.2916666665,0.477,13.049,13.527,0.4125091485728226
421,735781.2923611111,0.512,13.181,13.693,0.41757135886801655
422,735781.2930555557,0.453,13.037,13.49,0.4113808245913637
423,735781.2937499998,0.718,10.721,11.439,0.34883508172725053
424,735781.2944444444,0.553,9.515,10.067,0.3069956086850451
425,735781.2951388889,0.463,8.518,8.98,0.2738472798243474
426,735781.2958333332,0.462,8.224,8.686,0.2648816784581605
427,735781.2965277778,0.418,9.48,9.898,0.30184191266162474
428,735781.2972222222,0.409,10.187,10.596,0.3231275920956331
429,735781.2979166667,0.415,10.371,10.786,0.3289216882166382
430,735781.2986111111,0.433,11.895,12.328,0.37594535252500605
431,735781.2993055554,0.637,11.993,12.63,0.38515491583313005
432,735781.3,1.145,11.856,13.001,0.39646865089046107
433,735781.3006944446,1.167,11.919,13.086,0.39906074652354234
434,735781.3013888889,1.195,8.545,9.74,0.2970236643083679
435,735781.3020833333,1.208,8.146,9.354,0.2852525006099048
436,735781.302777778,1.228,7.446,8.674,0.2645157355452549
437,735781.3034722221,1.263,8.513,9.776,0.29812149304708463
438,735781.3041666667,1.281,11.633,12.914,0.39381556477189555
439,735781.3048611111,1.291,11.814,13.105,0.39964015613564285
440,735781.3055555556,1.301,8.809,10.11,0.3083069041229568
441,735781.30625,1.319,9.984,11.303,0.3446877287143206
442,735781.3069444444,1.329,9.916,11.245,0.34291900463527686
443,735781.307638889,1.328,10.041,11.369,0.3467004147353013
444,735781.3083333332,1.337,8.302,9.639,0.2939436447914125
445,735781.3090277779,1.376,6.908,8.284,0.2526225908758234
446,735781.3097222222,1.383,6.04,7.424,0.22639668211758965
447,735781.3104166666,1.39,4.631,6.021,0.18361185655037812
448,735781.3111111111,1.411,3.091,4.501,0.13725908758233715
449,735781.3118055555,1.421,2.245,3.666,0.11179555989265674
450,735781.3125,1.419,2.272,3.691,0.11255794096121004
451,735781.3131944445,1.49,3.381,4.871,0.14854232739692608
452,735781.3138888889,1.54,8.02,9.561,0.2915650158575262
453,735781.3145833333,1.589,9.704,11.293,0.34438277628689923
454,735781.3152777778,1.614,9.632,11.247,0.34297999512076116
455,735781.3159722221,1.663,9.647,11.31,0.3449011954135155
456,735781.3166666665,1.676,7.065,8.741,0.26655891680897775
457,735781.317361111,1.722,6.688,8.409,0.25643449621858994
458,735781.3180555556,1.718,5.978,7.696,0.23469138814344961
459,735781.31875,1.691,5.682,7.374,0.22487191998048303
460,735781.3194444444,1.684,2.202,3.886,0.11850451329592583
461,735781.3201388889,1.655,3.683,5.338,0.16278360575750184
462,735781.3208333333,1.646,6.889,8.535,0.26027689680409855
463,735781.3215277778,1.646,7.326,8.972,0.2736033178824103
464,735781.3222222222,1.628,7.009,8.637,0.263387411563796
465,735781.3229166665,1.644,6.696,8.34,0.25433032446938275
466,735781.3236111111,1.668,5.437,7.105,0.2166686996828495
467,735781.3243055554,1.675,5.961,7.636,0.23286167357892168
468,735781.3249999998,1.657,6.731,8.389,0.25582459136374724
469,735781.3256944446,1.421,7.277,8.698,0.2652476213710661
470,735781.3263888889,1.485,7.158,8.642,0.2635398877775067
471,735781.3270833332,1.672,5.556,7.228,0.22041961454013173
472,735781.3277777778,1.675,3.326,5.001,0.15250670895340326
473,735781.3284722222,1.672,5.981,7.653,0.23338009270553792
474,735781.3291666667,1.692,6.547,8.239,0.25125030495242745
475,735781.3298611111,1.702,6.514,8.216,0.25054891436935833
476,735781.3305555556,1.708,6.597,8.305,0.25326299097340815
477,735781.33125,1.731,7.814,9.546,0.29110758721639424
478,735781.3319444443,1.758,6.677,8.435,0.25722737252988537
479,735781.3326388889,1.782,9.305,11.087,0.33810075628201997
480,735781.3333333333,1.787,10.758,12.545,0.3825628202000488
481,735781.334027778,1.749,10.978,12.727,0.38811295437911686
482,735781.3347222221,1.721,10.672,12.394,0.3779580385459868
483,735781.3354166667,1.756,10.096,11.852,0.3614296169797512
484,735781.3361111111,1.827,10.182,12.008,0.36618687484752377
485,735781.3368055555,1.517,13.773,15.29,0.4662722615272017
486,735781.3375,1.313,8.866,10.18,0.31044157111490606
487,735781.3381944445,1.774,7.365,9.139,0.2786960234203464
488,735781.338888889,1.454,6.989,8.443,0.25747133447182236
489,735781.3395833332,0.97,7.271,8.241,0.25131129543791164
490,735781.3402777779,1.259,7.025,8.284,0.2526225908758234
491,735781.3409722222,1.694,6.498,8.192,0.2498170285435472
492,735781.3416666666,1.909,6.04,7.949,0.24240668455720907
493,735781.3423611111,1.968,6.951,8.918,0.27195657477433516
494,735781.3430555556,1.874,9.839,11.713,0.35719077823859474
495,735781.34375,1.903,9.805,11.708,0.3570383020248841
496,735781.3444444444,1.924,7.658,9.582,0.292205415955111
497,735781.3451388889,1.967,6.276,8.244,0.25140278116613807
498,735781.3458333333,1.958,5.102,7.06,0.2152964137594535
499,735781.3465277778,1.954,2.647,4.601,0.14030861185655036
500,735781.3472222221,1.969,1.823,3.792,0.1156379604781654
501,735781.3479166665,1.995,1.387,3.382,0.1031349109538912
502,735781.348611111,2.01,1.477,3.488,0.1063674066845572
503,735781.3493055555,2.019,1.33,3.349,0.10212856794340083
504,735781.35,2.034,1.413,3.447,0.10511710173212978
505,735781.3506944445,2.044,5.55,7.594,0.23158087338375213
506,735781.3513888889,2.052,5.793,7.845,0.2392351793120273
507,735781.3520833333,2.072,6.74,8.812,0.26872407904366913
508,735781.3527777778,2.083,9.296,11.378,0.34697487191998044
509,735781.3534722222,2.089,9.398,11.487,0.3502988533788729
510,735781.3541666665,2.115,9.283,11.398,0.3475847767748231
511,735781.3548611111,2.108,9.202,11.311,0.3449316906562576
512,735781.3555555557,2.116,9.125,11.242,0.3428275189070505
513,735781.3562499998,2.12,9.131,11.251,0.34310197609172965
514,735781.3569444444,2.119,9.458,11.577,0.3530434252256648
515,735781.3576388889,2.131,13.196,15.326,0.4673700902659185
516,735781.3583333332,2.156,13.089,15.244,0.4648694803610636
517,735781.3590277778,2.168,11.335,13.503,0.41177726274701143
518,735781.3597222222,2.172,7.857,10.029,0.3058367894608441
519,735781.3604166667,2.189,5.734,7.923,0.24161380824591364
520,735781.3611111111,2.201,4.672,6.873,0.2095938033666748
521,735781.3618055554,2.215,1.852,4.067,0.12402415223225177
522,735781.3625,2.225,1.303,3.528,0.1075872163942425
523,735781.3631944446,2.245,0.92,3.164,0.09648694803610637
524,735781.3638888889,2.266,0.824,3.09,0.09423030007318857
525,735781.3645833333,2.269,1.09,3.359,0.10243352037082215
526,735781.365277778,2.277,1.125,3.402,0.10374481580873383
527,735781.3659722221,2.295,1.126,3.421,0.10432422542083435
528,735781.3666666667,2.304,1.116,3.42,0.10429373017809221
529,735781.3673611111,2.322,4.157,6.479,0.1975786777262747
530,735781.3680555556,2.323,5.275,7.599,0.23173334959746278
531,735781.36875,2.332,5.455,7.787,0.23746645523298365
532,735781.3694444444,2.341,5.334,7.675,0.23405098804586483
533,735781.370138889,2.369,5.292,7.661,0.23362405464747496
534,735781.3708333332,2.4,5.312,7.712,0.23517931202732373
535,735781.3715277779,1.072,6.586,7.658,0.2335325689192486
536,735781.3722222222,1.24,10.142,11.383,0.3471273481336911
537,735781.3729166666,2.194,13.193,15.387,0.46923030007318856
538,735781.3736111111,0.673,14.696,15.369,0.46868138570383017
539,735781.3743055555,0.699,14.663,15.362,0.46846791900463525
540,735781.375,0.796,15.394,16.19,0.4937179799951208
541,735781.3756944445,1.309,15.246,16.554,0.5048182483532568
542,735781.3763888889,2.453,11.734,14.187,0.43263600878262987
543,735781.3770833333,2.694,10.05,12.743,0.38860087826299095
544,735781.3777777778,2.715,8.45,11.165,0.34047938521590626
545,735781.3784722221,2.745,8.155,10.901,0.3324286411319834
546,735781.3791666665,2.801,4.285,7.085,0.21605879482800683
547,735781.379861111,2.128,4.45,6.578,0.2005977067577458
548,735781.3805555556,0.943,5.529,6.472,0.19736521102707977
549,735781.38125,0.812,4.47,5.282,0.16107587216394242
550,735781.3819444444,0.929,2.45,3.379,0.10304342522566479
551,735781.3826388889,1.088,3.717,4.805,0.14652964137594535
552,735781.3833333333,1.744,4.665,6.41,0.19547450597706756
553,735781.3840277778,2.998,3.625,6.623,0.20196999268114174
554,735781.3847222222,3.08,4.264,7.345,0.2239875579409612
555,735781.3854166665,3.042,4.642,7.685,0.23435594047328615
556,735781.3861111111,2.976,4.81,7.786,0.2374359599902415
557,735781.3868055554,3.035,7.41,10.445,0.3185228104415711
558,735781.3874999998,2.816,7.613,10.429,0.318034886557697
559,735781.3881944446,2.664,7.695,10.359,0.3159002195657477
560,735781.3888888889,1.905,8.598,10.502,0.32026103927787264
561,735781.3895833332,1.227,9.517,10.744,0.3276408880214686
562,735781.3902777778,0.96,9.941,10.901,0.3324286411319834
563,735781.3909722222,1.569,7.457,9.026,0.2752500609904855
564,735781.3916666667,1.115,6.934,8.05,0.24548670407416445
565,735781.3923611111,1.557,5.413,6.97,0.2125518419126616
566,735781.3930555556,2.686,3.908,6.595,0.20111612588436203
567,735781.39375,2.854,4.062,6.917,0.2109355940473286
568,735781.3944444443,2.899,3.907,6.806,0.20755062210295194
569,735781.3951388889,1.925,4.834,6.759,0.20611734569407172
570,735781.3958333333,0.883,5.869,6.751,0.20587338375213468
571,735781.396527778,0.74,5.976,6.716,0.20480605025616003
572,735781.3972222221,0.754,5.97,6.724,0.2050500121980971
573,735781.3979166667,0.789,6.167,6.956,0.21212490851427176
574,735781.3986111111,1.468,5.448,6.916,0.2109050988045865
575,735781.3993055555,1.173,2.635,3.808,0.11612588436203951
576,735781.4,1.046,6.412,7.458,0.22743352037082215
577,735781.4006944445,0.969,7.242,8.211,0.2503964381556477
578,735781.401388889,0.774,10.281,11.055,0.33712490851427174
579,735781.4020833332,0.851,10.377,11.228,0.34240058550866065
580,735781.4027777779,0.916,10.234,11.15,0.34002195657477435
581,735781.4034722222,0.913,10.324,11.237,0.3426750426933398
582,735781.4041666666,2.03,9.183,11.212,0.3419126616247865
583,735781.4048611111,1.815,9.489,11.304,0.3447182239570627
584,735781.4055555556,3.218,8.013,11.231,0.342492071236887
585,735781.40625,2.775,7.19,9.965,0.3038850939253476
586,735781.4069444444,2.044,5.979,8.023,0.24466333252012684
587,735781.4076388889,0.81,6.421,7.231,0.22051110026835813
588,735781.4083333333,0.841,6.487,7.328,0.22346913881434496
589,735781.4090277778,0.894,7.219,8.113,0.24740790436691873
590,735781.4097222221,0.819,6.577,7.396,0.22554281532080994
591,735781.4104166665,0.783,6.669,7.452,0.22725054891436935
592,735781.411111111,0.707,6.545,7.253,0.22118199560868504
593,735781.4118055555,0.645,6.795,7.441,0.22691510124420589
594,735781.4125,0.624,6.775,7.399,0.22563430104903634
595,735781.4131944445,0.646,6.615,7.262,0.2214564527933642
596,735781.4138888889,1.342,5.928,7.27,0.22170041473530128
597,735781.4145833333,0.811,6.329,7.139,0.21770553793608197
598,735781.4152777778,0.781,8.214,8.994,0.2742742132227372
599,735781.4159722222,1.632,14.099,15.732,0.47975115881922414
600,735781.4166666665,0.973,12.525,13.498,0.41162478653330076
601,735781.4173611111,0.796,11.496,12.292,0.3748475237862893
602,735781.4180555557,0.704,10.622,11.326,0.3453891192973896
603,735781.4187499998,0.755,10.506,11.261,0.34340692851915094
604,735781.4194444444,0.854,10.84,11.695,0.3566418638692364
605,735781.4201388889,0.9,10.597,11.497,0.3506038058062942
606,735781.4208333332,0.775,11.201,11.976,0.36521102707977554
607,735781.4215277778,0.766,9.282,10.048,0.3064161990729446
608,735781.4222222222,1.239,6.966,8.205,0.2502134666991949
609,735781.4229166667,1.01,6.252,7.262,0.2214564527933642
610,735781.4236111111,0.945,5.127,6.072,0.1851671139302269
611,735781.4243055554,0.773,3.288,4.062,0.12387167601854111
612,735781.425,1.76,1.516,3.276,0.09990241522322517
613,735781.4256944446,1.0,5.016,6.016,0.18345938033666748
614,735781.4263888889,0.915,6.318,7.233,0.22057209075384238
615,735781.4270833333,1.059,6.032,7.091,0.21624176628445962
616,735781.427777778,3.344,3.721,7.065,0.2154488899731642
617,735781.4284722221,3.373,3.95,7.323,0.2233166626006343
618,735781.4291666667,3.372,3.747,7.119,0.2170956330812393
619,735781.4298611111,3.379,3.586,6.965,0.21239936569895096
620,735781.4305555556,3.388,7.113,10.501,0.32023054403513046
621,735781.43125,2.965,12.141,15.106,0.4606611368626494
622,735781.4319444444,3.208,11.819,15.027,0.45825201268602095
623,735781.432638889,1.914,13.109,15.024,0.4581605269577945
624,735781.4333333332,1.171,14.063,15.234,0.46456452793364234
625,735781.4340277779,0.958,11.418,12.376,0.3774091241766284
626,735781.4347222222,2.477,9.385,11.862,0.36173456940717247
627,735781.4354166666,1.042,10.246,11.288,0.34423030007318856
628,735781.4361111111,1.741,9.856,11.597,0.3536533300805074
629,735781.4368055555,2.137,10.478,12.615,0.38469748719199803
630,735781.4375,3.024,10.869,13.893,0.423670407416443
631,735781.4381944445,2.545,10.565,13.11,0.39979263234935347
632,735781.4388888889,1.367,11.652,13.02,0.3970480605025616
633,735781.4395833333,3.234,9.736,12.97,0.39552329836545497
634,735781.4402777778,3.26,9.655,12.915,0.3938460600146377
635,735781.4409722221,3.307,9.321,12.627,0.3850634301049036
636,735781.4416666665,3.351,6.539,9.89,0.30159795071968776
637,735781.442361111,3.296,6.036,9.332,0.28458160526957793
638,735781.4430555556,2.645,3.643,6.288,0.19175408636252744
639,735781.44375,1.383,8.053,9.436,0.28775311051475966
640,735781.4444444444,0.946,8.273,9.219,0.281135642839717
641,735781.4451388889,1.061,8.074,9.135,0.2785740424493779
642,735781.4458333333,2.185,7.005,9.19,0.2802512808001951
643,735781.4465277778,3.088,6.068,9.157,0.2792449377897048
644,735781.4472222222,3.364,5.656,9.021,0.2750975847767748
645,735781.4479166665,3.297,5.558,8.855,0.2700353744815809
646,735781.4486111111,3.235,5.515,8.75,0.266833373993657
647,735781.4493055554,3.291,6.65,9.941,0.3031532080995365
648,735781.4499999998,3.302,9.547,12.849,0.391833373993657
649,735781.4506944446,1.911,13.96,15.872,0.4840204928031227
650,735781.4513888889,0.899,13.431,14.331,0.4370273237374969
651,735781.4520833332,0.809,12.798,13.607,0.41494876799219316
652,735781.4527777778,0.779,11.835,12.615,0.38469748719199803
653,735781.4534722222,0.792,9.037,9.829,0.29973774091241767
654,735781.4541666667,0.834,8.426,9.26,0.28238594779214443
655,735781.4548611111,0.909,8.024,8.933,0.2724140034154672
656,735781.4555555556,2.902,5.941,8.843,0.2696694315686753
657,735781.45625,2.482,6.399,8.88,0.2707977555501342
658,735781.4569444443,3.355,5.662,9.017,0.27497560380580627
659,735781.4576388889,3.166,5.871,9.037,0.27558550866064896
660,735781.4583333333,3.541,5.345,8.886,0.27098072700658693
661,735781.459027778,3.061,5.815,8.877,0.27070626982190776
662,735781.4597222221,1.269,13.11,14.379,0.4384910953891193
663,735781.4604166667,2.722,14.686,17.408,0.5308611856550378
664,735781.4611111111,3.358,13.986,17.344,0.5289094901195414
665,735781.4618055555,3.342,10.666,14.008,0.4271773603317882
666,735781.4625,3.285,9.467,12.753,0.3889058306904123
667,735781.4631944445,3.293,8.128,11.422,0.3483166626006343
668,735781.463888889,3.343,6.057,9.4,0.28665528177604294
669,735781.4645833332,3.215,7.397,10.612,0.32361551597950716
670,735781.4652777779,1.441,11.244,12.685,0.3868321541839473
671,735781.4659722222,2.583,10.153,12.736,0.388387411563796
672,735781.4666666666,1.976,11.029,13.005,0.3965906318614296
673,735781.4673611111,1.028,11.891,12.919,0.3939680409856062
674,735781.4680555556,1.0,5.998,6.998,0.2134057087094413
675,735781.46875,1.542,4.342,5.884,0.17943400829470602
676,735781.4694444444,3.362,1.59,4.952,0.15101244205903877
677,735781.4701388889,3.107,1.905,5.012,0.1528421566235667
678,735781.4708333333,0.967,4.013,4.98,0.1518663088558185
679,735781.4715277778,0.899,4.011,4.91,0.14973164186386922
680,735781.4722222221,0.887,7.102,7.988,0.24359599902415224
681,735781.4729166665,0.858,8.166,9.024,0.2751890705050012
682,735781.473611111,0.844,8.093,8.937,0.27253598438643567
683,735781.4743055555,0.946,7.976,8.922,0.27207855574530376
684,735781.475,1.041,7.88,8.92,0.27201756525981946
685,735781.4756944445,1.175,9.379,10.554,0.3218467919004635
686,735781.4763888889,1.038,12.182,13.22,0.40314710905098805
687,735781.4770833333,1.05,12.137,13.187,0.40214076604049764
688,735781.4777777778,1.066,12.012,13.079,0.3988472798243474
689,735781.4784722222,1.318,15.909,17.228,0.525372041961454
690,735781.4791666665,1.671,15.611,17.282,0.5270187850695291
691,735781.4798611111,1.008,16.287,17.295,0.5274152232251769
692,735781.4805555557,1.021,20.657,21.678,0.6610758721639424
693,735781.4812499998,2.137,19.679,21.815,0.6652537204196145
694,735781.4819444444,2.124,19.805,21.929,0.6687301780922176
695,735781.4826388889,1.197,17.054,18.251,0.5565686752866553
696,735781.4833333332,1.698,13.296,14.994,0.4572456696755306
697,735781.4840277778,3.61,9.752,13.362,0.4074774335203708
698,735781.4847222222,3.464,9.871,13.335,0.40665406196633325
699,735781.4854166667,2.055,11.163,13.218,0.40308611856550375
700,735781.4861111111,1.486,7.842,9.328,0.2844596242986094
701,735781.4868055554,1.196,8.01,9.206,0.28073920468406927
702,735781.4875,0.963,6.958,7.921,0.24155281776042936
703,735781.4881944446,0.972,5.019,5.991,0.18269699926811417
704,735781.4888888889,1.115,3.706,4.821,0.14701756525981946
705,735781.4895833333,1.706,3.04,4.746,0.14473042205415956
706,735781.490277778,3.375,4.31,7.685,0.23435594047328615
707,735781.4909722221,3.324,5.523,8.846,0.26976091729690166
708,735781.4916666667,3.316,5.576,8.892,0.2711636984630397
709,735781.4923611111,3.285,5.843,9.128,0.27836057575018297
710,735781.4930555556,3.326,10.024,13.35,0.4071114906074652
711,735781.49375,3.339,12.639,15.977,0.4872224932910466
712,735781.4944444444,3.321,14.073,17.394,0.5304342522566479
713,735781.495138889,3.287,14.062,17.349,0.529061966333252
714,735781.4958333332,3.273,14.009,17.282,0.5270187850695291
715,735781.4965277779,3.277,13.922,17.199,0.5244876799219322
716,735781.4972222222,3.269,13.866,17.135,0.5225359843864358
717,735781.4979166666,3.255,13.219,16.474,0.5023786289338863
718,735781.4986111111,3.23,8.279,11.509,0.3509697487191998
719,735781.4993055555,3.201,6.542,9.743,0.2971151500365943
720,735781.5,3.187,5.543,8.73,0.26622346913881434
721,735781.5006944445,3.171,5.632,8.803,0.26844962185899
722,735781.5013888889,3.152,5.62,8.772,0.2675042693339839
723,735781.5020833333,3.144,5.569,8.713,0.2657050500121981
724,735781.5027777778,3.147,5.578,8.725,0.26607099292510367
725,735781.5034722221,3.141,5.605,8.746,0.2667113930226885
726,735781.5041666665,3.12,5.699,8.819,0.2689375457428641
727,735781.504861111,3.119,5.72,8.839,0.26954745059770674
728,735781.5055555556,3.097,8.0,11.096,0.3383752134666992
729,735781.50625,3.088,9.959,13.047,0.3978714320565992
730,735781.5069444444,3.089,9.185,12.275,0.37432910465967306
731,735781.5076388889,3.075,6.834,9.909,0.30217736033178827
732,735781.5083333333,3.037,9.944,12.982,0.39588924127836056
733,735781.5090277778,3.02,10.346,13.366,0.4075994144913393
734,735781.5097222222,3.014,10.486,13.5,0.41168577701878506
735,735781.5104166665,3.013,10.441,13.454,0.410282995852647
736,735781.5111111111,3.022,10.322,13.344,0.4069285191510124
737,735781.5118055554,3.04,14.53,17.571,0.5358319102220054
738,735781.5124999998,3.048,13.247,16.295,0.4969199804830447
739,735781.5131944446,3.058,15.558,18.615,0.5676689436447914
740,735781.5138888889,3.058,15.036,18.095,0.5518114174188826
741,735781.5145833332,3.063,15.037,18.1,0.5519638936325933
742,735781.5152777778,3.061,13.357,16.417,0.5006404000975848
743,735781.5159722222,3.038,11.3,14.338,0.43724079043669184
744,735781.5166666667,3.022,8.585,11.608,0.3539887777506709
745,735781.5173611111,3.028,6.614,9.641,0.2940046352768968
746,735781.5180555556,3.048,6.812,9.86,0.3006830934374237
747,735781.51875,3.047,6.852,9.899,0.30187240790436687
748,735781.5194444443,3.028,7.185,10.214,0.3114784093681386
749,735781.5201388889,3.015,9.637,12.652,0.3858258111734569
750,735781.5208333333,3.004,10.767,13.772,0.419980483044645
751,735781.521527778,3.006,10.891,13.897,0.42379238838741157
752,735781.5222222221,3.004,10.95,13.953,0.4255001219809709
753,735781.5229166667,3.002,10.94,13.942,0.4251646743108075
754,735781.5236111111,2.983,10.808,13.79,0.42052939741400336
755,735781.5243055555,2.987,11.471,14.458,0.4409002195657477
756,735781.525,2.979,15.344,18.323,0.5587643327640888
757,735781.5256944445,2.988,15.287,18.275,0.5573005611124664
758,735781.526388889,3.004,15.057,18.061,0.5507745791656501
759,735781.5270833332,3.016,12.67,15.686,0.4783483776530861
760,735781.5277777779,3.02,9.731,12.751,0.388844840204928
761,735781.5284722222,3.029,7.4,10.429,0.318034886557697
762,735781.5291666666,3.028,6.461,9.489,0.2893693583800927
763,735781.5298611111,3.025,6.444,9.47,0.2887899487679922
764,735781.5305555556,3.019,8.348,11.367,0.34663942424981703
765,735781.53125,2.998,10.812,13.81,0.42113930226884605
766,735781.5319444444,2.987,10.817,13.803,0.42092583556965113
767,735781.5326388889,2.986,8.226,11.213,0.34194315686752863
768,735781.5333333333,2.988,9.843,12.83,0.39125396438155646
769,735781.5340277778,2.968,10.62,13.587,0.4143388631373505
770,735781.5347222221,2.948,16.325,19.272,0.5877043181263722
771,735781.5354166665,2.935,13.509,16.444,0.5014637716516223
772,735781.536111111,2.922,12.662,15.584,0.4752378628933886
773,735781.5368055555,2.903,14.302,17.205,0.5246706513783849
774,735781.5375,2.886,11.515,14.401,0.43916199072944617
775,735781.5381944445,2.876,13.896,16.772,0.5114662112710416
776,735781.5388888889,2.859,13.223,16.081,0.49039399853622834
777,735781.5395833333,2.863,12.068,14.931,0.45532446938277626
778,735781.5402777778,2.871,18.087,20.958,0.6391192973896072
779,735781.5409722222,2.886,14.808,17.693,0.5395523298365456
780,735781.5416666665,2.898,11.87,14.768,0.45035374481580875
781,735781.5423611111,2.898,11.419,14.317,0.4366003903391071
782,735781.5430555557,2.894,15.221,18.114,0.5523908270309832
783,735781.5437499998,2.898,15.178,18.076,0.5512320078067822
784,735781.5444444444,2.914,15.326,18.24,0.5562332276164917
785,735781.5451388889,2.926,11.363,14.288,0.4357160282995853
786,735781.5458333332,2.933,13.568,16.501,0.5032020004879239
787,735781.5465277778,2.91,15.677,18.587,0.5668150768480117
788,735781.5472222222,2.91,15.691,18.601,0.5672420102464015
789,735781.5479166667,2.197,16.525,18.722,0.5709319346181996
790,735781.5486111111,0.994,18.903,19.897,0.6067638448402048
791,735781.5493055554,0.932,21.926,22.858,0.6970602585996585
792,735781.55,0.808,21.651,22.46,0.6849231519882898
793,735781.5506944446,0.8,21.606,22.406,0.6832764088802146
794,735781.5513888889,0.936,21.325,22.261,0.6788545986826054
795,735781.5520833333,2.58,17.396,19.975,0.6091424737740913
796,735781.552777778,1.798,16.217,18.015,0.5493717979995121
797,735781.5534722221,1.766,13.784,15.55,0.4742010246401561
798,735781.5541666667,2.825,9.824,12.649,0.3857343254452305
799,735781.5548611111,2.681,8.764,11.445,0.3490180531837033
800,735781.5555555556,2.944,7.636,10.58,0.32263966821175893
801,735781.55625,2.875,1.601,4.475,0.1364662112710417
802,735781.5569444444,2.856,0.52,3.376,0.10295193949743839
803,735781.557638889,2.813,-0.076,2.737,0.08346547938521591
804,735781.5583333332,2.755,0.239,2.994,0.09130275676994389
805,735781.5590277779,2.774,0.195,2.969,0.09054037570139058
806,735781.5597222222,2.801,0.283,3.083,0.09401683337399366
807,735781.5604166666,2.769,4.463,7.231,0.22051110026835813
808,735781.5611111111,2.738,4.459,7.197,0.21947426201512563
809,735781.5618055555,2.718,12.566,15.284,0.46608929007074895
810,735781.5625,2.66,13.346,16.005,0.48807636008782623
811,735781.5631944445,2.258,16.115,18.373,0.5602890949011954
812,735781.5638888889,0.743,20.654,21.397,0.6525067089534032
813,735781.5645833333,1.397,22.477,23.874,0.7280434252256647
814,735781.5652777778,2.721,22.78,25.501,0.777659185167114
815,735781.5659722221,2.682,20.321,23.003,0.7014820687972676
816,735781.5666666665,2.668,18.424,21.092,0.6432056599170529
817,735781.567361111,2.682,18.448,21.13,0.6443644791412539
818,735781.5680555556,2.688,18.35,21.038,0.6415589168089778
819,735781.56875,2.689,18.316,21.005,0.6405525737984874
820,735781.5694444444,2.653,17.985,20.639,0.629391314954867
821,735781.5701388889,2.613,11.462,14.075,0.42922054159551104
822,735781.5708333333,2.578,6.567,9.145,0.2788789948767992
823,735781.5715277778,2.568,5.524,8.092,0.246767504269334
824,735781.5722222222,2.556,5.095,7.651,0.23331910222005364
825,735781.5729166665,2.561,5.119,7.68,0.23420346425957547
826,735781.5736111111,2.569,5.294,7.863,0.2397840936813857
827,735781.5743055554,2.578,5.36,7.939,0.24210173212978775
828,735781.5749999998,2.559,9.658,12.217,0.3725603805806294
829,735781.5756944446,2.543,13.252,15.795,0.48167235911197853
830,735781.5763888889,2.542,14.283,16.825,0.5130824591363746
831,735781.5770833332,2.531,15.549,18.08,0.5513539887777505
832,735781.5777777778,2.495,20.68,23.175,0.7067272505489144
833,735781.5784722222,2.481,21.622,24.102,0.7349963405708709
834,735781.5791666667,2.478,24.1,26.578,0.8105025616003902
835,735781.5798611111,2.464,26.426,28.89,0.8810075628202
836,735781.5805555556,2.463,26.35,28.813,0.8786594291290558
837,735781.58125,2.454,26.404,28.858,0.8800317150524518
838,735781.5819444443,2.436,26.299,28.735,0.8762808001951695
839,735781.5826388889,2.422,22.339,24.761,0.7550927055379361
840,735781.5833333333,2.414,22.019,24.433,0.7450902659185167
841,735781.584027778,2.408,21.813,24.221,0.7386252744571846
842,735781.5847222221,2.399,19.375,21.774,0.6640034154671871
843,735781.5854166667,2.382,17.333,19.715,0.6012137106611368
844,735781.5861111111,2.37,13.547,15.917,0.48539277872651865
845,735781.5868055555,2.352,10.166,12.518,0.3817394486460112
846,735781.5875,2.344,9.214,11.558,0.3524640156135643
847,735781.5881944445,2.35,9.207,11.557,0.35243352037082215
848,735781.588888889,2.347,9.254,11.601,0.35377531105147597
849,735781.5895833332,2.34,9.279,11.619,0.3543242254208343
850,735781.5902777779,2.333,12.931,15.264,0.46547938521590626
851,735781.5909722222,2.332,13.45,15.782,0.4812759209563308
852,735781.5916666666,2.318,13.527,15.844,0.48316662600634297
853,735781.5923611111,2.306,13.561,15.867,0.48386801658941203
854,735781.5930555556,2.293,13.419,15.711,0.4791107587216394
855,735781.59375,2.296,15.33,17.626,0.5375091485728226
856,735781.5944444444,2.296,19.709,22.005,0.6710478165406196
857,735781.5951388889,2.296,24.017,26.312,0.8023908270309832
858,735781.5958333333,2.285,26.591,28.876,0.8805806294218101
859,735781.5965277778,2.273,26.666,28.938,0.8824713344718224
860,735781.5972222221,2.251,26.686,28.936,0.8824103439863381
861,735781.5979166665,2.232,25.925,28.156,0.8586240546474749
862,735781.598611111,2.219,23.985,26.204,0.7990973408148329
863,735781.5993055555,2.203,21.527,23.73,0.7236521102707978
864,735781.6,2.189,19.625,21.814,0.6652232251768724
865,735781.6006944445,2.187,18.811,20.998,0.6403391070992925
866,735781.6013888889,2.183,13.698,15.881,0.48429494998780187
867,735781.6020833333,2.177,10.724,12.9,0.3933886313735057
868,735781.6027777778,2.167,11.926,14.093,0.4297694559648695
869,735781.6034722222,2.162,13.59,15.751,0.48033056843132466
870,735781.6041666665,2.154,13.209,15.364,0.46852890949011955
871,735781.6048611111,2.145,13.167,15.312,0.46694315686752863
872,735781.6055555557,2.134,13.17,15.304,0.4666991949255916
873,735781.6062499998,2.122,13.161,15.283,0.4660587948280068
874,735781.6069444444,2.109,13.174,15.283,0.4660587948280068
875,735781.6076388889,2.094,13.16,15.254,0.46517443278848497
876,735781.6083333332,2.08,15.965,18.045,0.5502866552817761
877,735781.6090277778,2.067,20.038,22.105,0.6740973408148329
878,735781.6097222222,2.05,22.266,24.316,0.7415223225176871
879,735781.6104166667,2.035,18.894,20.929,0.6382349353500854
880,735781.6111111111,2.017,18.492,20.509,0.6254269333983898
881,735781.6118055554,2.008,18.119,20.127,0.6137777506708952
882,735781.6125,1.996,18.269,20.264,0.6179555989265674
883,735781.6131944446,1.978,18.452,20.43,0.6230178092217614
884,735781.6138888889,1.967,22.634,24.601,0.7502134666991949
885,735781.6145833333,1.972,22.858,24.83,0.7571968772871431
886,735781.615277778,1.978,26.893,28.871,0.8804281532080994
887,735781.6159722221,1.967,22.936,24.902,0.7593925347645767
888,735781.6166666667,1.954,21.75,23.705,0.7228897292022444
889,735781.6173611111,1.944,19.131,21.075,0.6426872407904366
890,735781.6180555556,1.931,19.181,21.112,0.6438155647718955
891,735781.61875,1.919,15.937,17.856,0.5445230544035131
892,735781.6194444444,1.908,15.367,17.275,0.5268053183703342
893,735781.620138889,1.892,10.935,12.827,0.39116247865333004
894,735781.6208333332,1.882,10.888,12.771,0.3894547450597707
895,735781.6215277779,1.873,10.859,12.733,0.38829592583556966
896,735781.6222222222,1.86,13.423,15.284,0.46608929007074895
897,735781.6229166666,1.847,14.02,15.867,0.48386801658941203
898,735781.6236111111,1.837,14.015,15.852,0.48341058794828007
899,735781.6243055555,1.828,13.846,15.674,0.4779824347401805
900,735781.625,1.817,15.996,17.812,0.5431812637228592
901,735781.6256944445,1.808,21.714,23.522,0.7173090997804342
902,735781.6263888889,1.789,23.535,25.325,0.7722920224444986
903,735781.6270833333,1.783,26.797,28.58,0.8715540375701389
904,735781.6277777778,1.768,30.705,32.473,0.9902720175652597
905,735781.6284722221,1.76,30.947,32.707,0.9974079043669187
906,735781.6291666665,1.75,30.803,32.553,0.9927116369846303
907,735781.629861111,1.737,30.754,32.49,0.990790436691876
908,735781.6305555556,1.715,29.806,31.521,0.9612405464747499
909,735781.63125,1.696,27.17,28.866,0.8802756769943888
910,735781.6319444444,1.684,25.023,26.707,0.8144364479141254
911,735781.6326388889,1.671,25.654,27.325,0.833282507928763
912,735781.6333333333,1.651,26.367,28.018,0.8544157111490607
913,735781.6340277778,1.636,24.343,25.979,0.7922359111978531
914,735781.6347222222,1.638,23.335,24.973,0.761557696999268
915,735781.6354166665,1.635,24.593,26.228,0.799829226640644
916,735781.6361111111,1.63,26.575,28.205,0.8601183215418394
917,735781.6368055554,1.618,26.413,28.031,0.8548121493047084
918,735781.6374999998,1.604,22.883,24.486,0.7467065137838497
919,735781.6381944446,1.59,19.995,21.585,0.6582398145889241
920,735781.6388888889,1.58,15.416,16.996,0.5182971456452793
921,735781.6395833332,1.575,20.028,21.603,0.6587887289582826
922,735781.6402777778,1.564,23.151,24.714,0.7536594291290558
923,735781.6409722222,1.553,19.533,21.086,0.6430226884606001
924,735781.6416666667,1.539,17.227,18.766,0.5722737252988533
925,735781.6423611111,1.523,16.694,18.217,0.5555318370334227
926,735781.6430555556,1.511,16.811,18.322,0.5587338375213466
927,735781.64375,1.501,18.947,20.448,0.6235667235911198
928,735781.6444444443,1.494,19.871,21.365,0.651530861185655
929,735781.6451388889,1.486,22.166,23.653,0.7213039765796535
930,735781.6458333333,1.476,21.563,23.039,0.7025798975359844
931,735781.646527778,1.461,20.241,21.702,0.6618077579897537
932,735781.6472222221,1.445,24.517,25.962,0.7917174920712369
933,735781.6479166667,1.429,23.845,25.273,0.7707062698219077
934,735781.6486111111,1.415,21.57,22.985,0.7009331544279092
935,735781.6493055555,1.402,19.112,20.514,0.6255794096121005
936,735781.65,1.386,22.898,24.285,0.7405769699926811
937,735781.6506944445,1.368,21.946,23.313,0.7109355940473285
938,735781.651388889,1.352,19.931,21.283,0.6490302512808002
939,735781.6520833332,1.337,19.262,20.599,0.6281715052451817
940,735781.6527777779,1.324,19.232,20.555,0.6268297145645279
941,735781.6534722222,1.302,19.139,20.442,0.623383752134667
942,735781.6541666666,1.272,19.164,20.435,0.623170285435472
943,735781.6548611111,1.229,19.318,20.548,0.6266162478653329
944,735781.6555555556,1.196,20.537,21.733,0.6627531105147597
945,735781.65625,1.185,25.369,26.554,0.8097706757745791
946,735781.6569444444,1.179,25.647,26.826,0.8180653818004391
947,735781.6576388889,1.17,27.341,28.511,0.8694498658209319
948,735781.6583333333,1.156,25.621,26.777,0.8165711149060746
949,735781.6590277778,1.142,25.535,26.677,0.8135215906318614
950,735781.6597222221,1.129,25.424,26.553,0.809740180531837
951,735781.6604166665,1.106,25.424,26.53,0.809038789948768
952,735781.661111111,1.061,25.085,26.146,0.7973286167357893
953,735781.6618055555,0.996,22.795,23.791,0.7255123200780678
954,735781.6625,0.941,21.676,22.617,0.6897109050988046
955,735781.6631944445,0.91,20.974,21.884,0.6673578921688217
956,735781.6638888889,0.879,20.027,20.906,0.6375335447670163
957,735781.6645833333,0.859,17.929,18.788,0.5729446206391803
958,735781.6652777778,0.845,17.519,18.365,0.5600451329592583
959,735781.6659722222,0.831,19.466,20.297,0.6189619419370578
960,735781.6666666665,0.819,19.636,20.455,0.6237801902903146
961,735781.6673611111,0.807,19.808,20.615,0.6286594291290558
962,735781.6680555557,0.797,19.652,20.449,0.623597218833862
963,735781.6687499998,0.789,21.373,22.162,0.6758355696511343
964,735781.6694444444,0.781,23.623,24.404,0.7442059038789949
965,735781.6701388889,0.769,23.54,24.309,0.7413088558184923
966,735781.6708333332,0.757,23.415,24.172,0.7371310075628201
967,735781.6715277778,0.747,23.369,24.115,0.7353927787265185
968,735781.6722222222,0.736,23.367,24.104,0.7350573310563552
969,735781.6729166667,0.725,23.242,23.966,0.7308489875579409
970,735781.6736111111,0.715,23.332,24.047,0.7333191022200537
971,735781.6743055554,0.706,27.834,28.541,0.8703647231031959
972,735781.675,0.695,29.207,29.903,0.9118992437179799
973,735781.6756944446,0.684,27.227,27.911,0.8511527201756526
974,735781.6763888889,0.672,25.007,25.679,0.7830873383752134
975,735781.6770833333,0.66,25.168,25.828,0.7876311295437911
976,735781.677777778,0.65,25.54,26.19,0.798670407416443
977,735781.6784722221,0.641,25.505,26.146,0.7973286167357893
978,735781.6791666667,0.629,25.652,26.281,0.801445474505977
979,735781.6798611111,0.617,25.305,25.921,0.7904671871188094
980,735781.6805555556,0.599,23.278,23.878,0.7281654061966333
981,735781.68125,0.58,21.654,22.235,0.67806172237131
982,735781.6819444444,0.547,20.826,21.373,0.651774823127592
983,735781.682638889,0.511,20.89,21.401,0.6526286899243717
984,735781.6833333332,0.484,20.882,21.366,0.6515613564283971
985,735781.6840277779,0.442,20.902,21.344,0.6508904610880702
986,735781.6847222222,0.42,20.952,21.372,0.6517443278848499
987,735781.6854166666,0.406,20.918,21.323,0.6502500609904854
988,735781.6861111111,0.394,22.555,22.949,0.6998353256891925
989,735781.6868055555,0.386,22.136,22.523,0.6868443522810441
990,735781.6875,0.38,21.455,21.835,0.6658636252744572
991,735781.6881944445,0.373,21.45,21.823,0.6654976823615516
992,735781.6888888889,0.367,22.034,22.402,0.6831544279092462
993,735781.6895833333,0.36,24.559,24.92,0.7599414491339351
994,735781.6902777778,0.355,26.134,26.488,0.8077579897535984
995,735781.6909722221,0.347,25.717,26.064,0.7948280068309344
996,735781.6916666665,0.34,25.775,26.115,0.796383264210783
997,735781.692361111,0.333,25.548,25.881,0.7892473774091241
998,735781.6930555556,0.327,25.792,26.119,0.7965052451817516
999,735781.69375,0.321,25.755,26.076,0.79519394974384
1000,735781.6944444444,0.316,23.54,23.856,0.7274945108563065
1001,735781.6951388889,0.311,20.784,21.095,0.6432971456452793
1002,735781.6958333333,0.306,18.152,18.458,0.5628811905342765
1003,735781.6965277778,0.302,16.948,17.25,0.5260429373017809
1004,735781.6972222222,0.298,16.728,17.026,0.5192120029275433
1005,735781.6979166665,0.281,17.016,17.296,0.527445718467919
1006,735781.6986111111,0.231,21.275,21.505,0.6558001951695535
1007,735781.6993055554,0.188,21.502,21.691,0.6614723103195901
1008,735781.6999999998,0.154,21.662,21.815,0.6652537204196145
1009,735781.7006944446,0.139,21.524,21.663,0.6606184435228104
1010,735781.7013888889,0.13,21.726,21.856,0.666504025372042
1011,735781.7020833332,0.114,21.795,21.909,0.6681202732373749
1012,735781.7027777778,0.112,21.938,22.05,0.6724201024640156
1013,735781.7034722222,0.106,19.79,19.896,0.6067333495974628
1014,735781.7041666667,0.116,21.915,22.031,0.6718406928519151
1015,735781.7048611111,0.137,24.761,24.898,0.7592705537936082
1016,735781.7055555556,0.143,25.91,26.053,0.7944925591607709
1017,735781.70625,0.142,25.561,25.703,0.7838192242010246
1018,735781.7069444443,0.14,25.333,25.473,0.7768053183703342
1019,735781.7076388889,0.141,26.741,26.883,0.8198036106367406
1020,735781.7083333333,0.145,25.951,26.096,0.7958038545986825
1021,735781.709027778,0.157,26.08,26.237,0.8001036838253232
1022,735781.7097222221,0.137,26.038,26.175,0.798212978775311
1023,735781.7104166667,0.116,25.897,26.013,0.7932727494510856
1024,735781.7111111111,0.103,25.83,25.934,0.7908636252744572
1025,735781.7118055555,0.09,25.769,25.859,0.7885764820687973
1026,735781.7125,0.077,25.712,25.789,0.7864418150768481
1027,735781.7131944445,0.076,24.07,24.146,0.7363381312515247
1028,735781.713888889,0.083,22.478,22.561,0.6880031715052451
1029,735781.7145833332,0.085,21.906,21.991,0.6706208831422298
1030,735781.7152777779,0.09,21.783,21.873,0.6670224444986582
1031,735781.7159722222,0.101,19.598,19.699,0.6007257867772627
1032,735781.7166666666,0.11,18.748,18.858,0.5750792876311296
1033,735781.7173611111,0.113,17.92,18.034,0.5499512076116125
1034,735781.7180555556,0.115,17.783,17.899,0.5458343498414248
1035,735781.71875,0.114,17.855,17.969,0.547969016833374
1036,735781.7194444444,0.111,17.784,17.896,0.5457428641131984
1037,735781.7201388889,0.109,17.012,17.12,0.5220785557453037
1038,735781.7208333333,0.106,17.598,17.704,0.5398877775067089
1039,735781.7215277778,0.103,17.97,18.073,0.5511405220785557
1040,735781.7222222221,0.1,20.318,20.418,0.6226518663088557
1041,735781.7229166665,0.097,23.019,23.116,0.7049280312271285
1042,735781.723611111,0.094,26.771,26.865,0.8192546962673822
1043,735781.7243055555,0.092,25.778,25.87,0.7889119297389607
1044,735781.725,0.089,27.66,27.749,0.8462124908514271
1045,735781.7256944445,0.087,30.353,30.439,0.9282446938277629
1046,735781.7263888889,0.084,30.41,30.494,0.9299219321785801
1047,735781.7270833333,0.082,28.353,28.434,0.8671017321297877
1048,735781.7277777778,0.079,27.191,27.27,0.8316052695779458
1049,735781.7284722222,0.076,26.124,26.2,0.7989753598438643
1050,735781.7291666665,0.074,25.961,26.035,0.7939436447914126
1051,735781.7298611111,0.071,25.963,26.034,0.7939131495486703
1052,735781.7305555557,0.069,23.648,23.717,0.72325567211515
1053,735781.7312499998,0.067,20.393,20.46,0.6239326665040253
1054,735781.7319444444,0.065,13.663,13.728,0.4186386923639912
1055,735781.7326388889,0.063,13.579,13.642,0.4160161014881678
1056,735781.7333333332,0.061,13.814,13.874,0.4230909978043425
1057,735781.7340277778,0.06,13.394,13.454,0.410282995852647
1058,735781.7347222222,0.059,14.771,14.829,0.4522139546230788
1059,735781.7354166667,0.058,17.248,17.306,0.5277506708953403
1060,735781.7361111111,0.057,17.653,17.71,0.5400707489631618
1061,735781.7368055554,0.057,17.823,17.88,0.5452549402293242
1062,735781.7375,0.057,18.386,18.443,0.5624237618931447
1063,735781.7381944446,0.058,21.706,21.763,0.6636679677970236
1064,735781.7388888889,0.059,21.544,21.602,0.6587582337155403
1065,735781.7395833333,0.059,25.731,25.79,0.7864723103195901
1066,735781.740277778,0.06,26.231,26.291,0.8017504269333984
1067,735781.7409722221,0.061,26.097,26.158,0.7976945596486948
1068,735781.7416666667,0.062,26.063,26.124,0.7966577213954622
1069,735781.7423611111,0.062,26.062,26.125,0.7966882166382044
1070,735781.7430555556,0.062,25.676,25.738,0.7848865576969992
1071,735781.74375,0.061,25.646,25.707,0.7839412051719932
1072,735781.7444444444,0.061,25.449,25.509,0.777903147109051
1073,735781.745138889,0.059,25.489,25.548,0.7790924615759941
1074,735781.7458333332,0.056,22.513,22.569,0.6882471334471821
1075,735781.7465277779,0.052,21.202,21.254,0.6481458892412784
1076,735781.7472222222,0.047,18.822,18.87,0.5754452305440352
1077,735781.7479166666,0.042,14.593,14.635,0.4462978775311051
1078,735781.7486111111,0.034,13.629,13.663,0.4166565015857526
1079,735781.7493055555,0.026,12.655,12.682,0.3867406684557209
1080,735781.75,0.018,12.168,12.185,0.3715845328128812
1081,735781.7506944445,-0.012,12.238,12.226,0.3728348377653086
1082,735781.7513888889,-0.012,12.378,12.366,0.3771041717492071
1083,735781.7520833333,-0.012,12.255,12.243,0.37335325689192483
1084,735781.7527777778,-0.012,15.214,15.201,0.463558184923152
1085,735781.7534722221,-0.012,16.477,16.465,0.5021041717492071
1086,735781.7541666665,-0.012,16.67,16.658,0.5079897535984387
1087,735781.754861111,-0.012,16.414,16.402,0.5001829714564529
1088,735781.7555555556,-0.012,17.88,17.868,0.5448889973164186
1089,735781.75625,-0.012,20.334,20.322,0.6197243230056111
1090,735781.7569444444,-0.013,20.442,20.43,0.6230178092217614
1091,735781.7576388889,-0.056,23.415,23.359,0.7123383752134668
1092,735781.7583333333,-0.061,29.209,29.148,0.8888753354476701
1093,735781.7590277778,-0.066,29.444,29.378,0.8958892412783606
1094,735781.7597222222,-0.07,31.251,31.181,0.950872163942425
1095,735781.7604166665,-0.075,32.867,32.792,1.0
1096,735781.7611111111,-0.021,30.485,30.463,0.928976579653574
1097,735781.7618055554,-0.012,29.099,29.087,0.8870151256404001
1098,735781.7624999998,-0.012,26.38,26.368,0.8040985606245424
1099,735781.7631944446,-0.012,25.721,25.709,0.7840021956574774
1100,735781.7638888889,-0.012,23.086,23.074,0.703647231031959
1101,735781.7645833332,-0.012,17.567,17.555,0.5353439863381312
1102,735781.7652777778,-0.012,12.556,12.544,0.38253232495730666
1103,735781.7659722222,-0.012,9.999,9.987,0.30455598926567456
1104,735781.7666666667,-0.012,8.835,8.823,0.26905952671383265
1105,735781.7673611111,-0.012,8.724,8.712,0.26567455476945595
1106,735781.7680555556,-0.067,8.774,8.708,0.2655525737984874
1107,735781.76875,-0.081,8.789,8.708,0.2655525737984874
1108,735781.7694444443,-0.082,11.754,11.671,0.35590997804342517
1109,735781.7701388889,-0.083,12.906,12.823,0.39104049768236154
1110,735781.7708333333,-0.084,12.83,12.746,0.38869236399121737
1111,735781.771527778,-0.035,14.841,14.806,0.4515125640400097
1112,735781.7722222221,-0.012,18.387,18.376,0.5603805806294219
1113,735781.7729166667,-0.012,21.887,21.875,0.6670834349841425
1114,735781.7736111111,-0.012,20.917,20.905,0.6375030495242742
1115,735781.7743055555,-0.012,20.928,20.916,0.6378384971944376
1116,735781.775,-0.012,20.89,20.878,0.6366796779702366
1117,735781.7756944445,-0.012,20.929,20.918,0.6378994876799219
1118,735781.776388889,-0.012,25.001,24.989,0.7620456208831422
1119,735781.7770833332,-0.012,29.333,29.321,0.8941510124420591
1120,735781.7777777779,-0.011,26.822,26.811,0.8176079531593071
1121,735781.7784722222,-0.011,25.912,25.901,0.7898572822639668
1122,735781.7791666666,-0.011,25.218,25.207,0.768693583800927
1123,735781.7798611111,-0.011,25.114,25.103,0.7655220785557453
1124,735781.7805555556,-0.011,23.345,23.335,0.7116064893876555
1125,735781.78125,-0.011,19.586,19.575,0.5969443766772383
1126,735781.7819444444,-0.011,13.923,13.912,0.42424981702854353
1127,735781.7826388889,-0.011,9.575,9.564,0.2916565015857526
1128,735781.7833333333,-0.011,9.192,9.181,0.27997682361551596
1129,735781.7840277778,-0.011,9.006,8.995,0.27430470846547933
1130,735781.7847222221,-0.011,9.044,9.033,0.27546352768968035
1131,735781.7854166665,-0.011,8.899,8.888,0.27104171749207123
1132,735781.786111111,-0.011,8.798,8.787,0.2679616979751159
1133,735781.7868055555,-0.011,10.934,10.923,0.33309953647231033
1134,735781.7875,-0.011,16.702,16.691,0.508996096608929
1135,735781.7881944445,-0.011,25.2,25.189,0.7681446694315687
1136,735781.7888888889,-0.011,25.186,25.175,0.7677177360331788
1137,735781.7895833333,-0.011,25.133,25.122,0.7661014881678457
1138,735781.7902777778,-0.011,25.007,24.996,0.7622590875823371
1139,735781.7909722222,-0.011,24.849,24.838,0.7574408392290802
1140,735781.7916666665,-0.011,24.9,24.889,0.758996096608929
1141,735781.7923611111,-0.011,24.875,24.864,0.7582337155403757
1142,735781.7930555557,-0.011,24.92,24.909,0.7596060014637716
1143,735781.7937499998,-0.011,24.731,24.72,0.7538424005855086
1144,735781.7944444444,-0.011,23.695,23.684,0.7222493291046597
1145,735781.7951388889,-0.011,21.165,21.154,0.6450963649670651
1146,735781.7958333332,-0.011,13.691,13.68,0.41717492071236884
1147,735781.7965277778,-0.011,12.963,12.952,0.3949743839960966
1148,735781.7972222222,-0.011,12.395,12.384,0.3776530861185655
1149,735781.7979166667,-0.011,11.116,11.105,0.33864967065137835
1150,735781.7986111111,-0.011,15.144,15.133,0.4614845084166869
1151,735781.7993055554,-0.011,16.661,16.65,0.5077457916565015
1152,735781.8,-0.011,16.497,16.486,0.5027445718467919
1153,735781.8006944446,-0.011,16.502,16.491,0.5028970480605025
1154,735781.8013888889,-0.011,16.759,16.748,0.5107343254452306
1155,735781.8020833333,-0.011,16.711,16.7,0.5092705537936082
1156,735781.802777778,-0.011,16.672,16.661,0.508081239326665
1157,735781.8034722221,-0.011,17.126,17.115,0.521926079531593
1158,735781.8041666667,-0.011,23.675,23.664,0.7216394242498171
1159,735781.8048611111,-0.011,17.887,17.876,0.5451329592583557
1160,735781.8055555556,-0.011,16.771,16.76,0.5111002683581362
1161,735781.80625,-0.011,16.029,16.018,0.488472798243474
1162,735781.8069444444,-0.011,15.865,15.854,0.48347157843376426
1163,735781.807638889,-0.012,16.041,16.029,0.4888082459136375
1164,735781.8083333332,-0.012,15.959,15.948,0.48633813125152475
1165,735781.8090277779,-0.012,15.887,15.875,0.4841119785313491
1166,735781.8097222222,-0.012,15.024,15.013,0.4578250792876311
1167,735781.8104166666,-0.012,13.089,13.077,0.3987862893388631
1168,735781.8111111111,-0.012,12.55,12.539,0.382379848743596
1169,735781.8118055555,-0.012,12.411,12.399,0.3781105147596974
1170,735781.8125,-0.012,12.861,12.85,0.3918638692363991
1171,735781.8131944445,-0.012,11.592,11.58,0.35313491095389116
1172,735781.8138888889,-0.012,12.411,12.399,0.3781105147596974
1173,735781.8145833333,-0.012,12.965,12.953,0.3950048792388387
1174,735781.8152777778,-0.012,13.688,13.676,0.41705293974140034
1175,735781.8159722221,-0.012,14.553,14.542,0.4434618199560868
1176,735781.8166666665,-0.012,13.629,13.618,0.4152842156623567
1177,735781.817361111,-0.012,13.009,12.997,0.3963466699194925
1178,735781.8180555556,-0.012,14.687,14.676,0.44754818248353256
1179,735781.81875,-0.012,17.257,17.245,0.5258904610880702
1180,735781.8194444444,-0.012,23.094,23.082,0.703891192973896
1181,735781.8201388889,-0.012,24.551,24.539,0.7483227616491828
1182,735781.8208333333,-0.012,22.303,22.291,0.6797694559648695
1183,735781.8215277778,-0.012,21.555,21.543,0.6569590143937545
1184,735781.8222222222,-0.013,20.825,20.812,0.6346669919492559
1185,735781.8229166665,-0.012,15.823,15.811,0.4821602829958526
1186,735781.8236111111,-0.012,13.61,13.599,0.41470480605025617
1187,735781.8243055554,-0.012,13.218,13.206,0.40272017565259816
1188,735781.8249999998,-0.012,13.045,13.033,0.3974444986582093
1189,735781.8256944446,-0.012,12.84,12.828,0.39119297389607216
1190,735781.8263888889,-0.012,12.567,12.556,0.3828982678702122
1191,735781.8270833332,-0.012,12.47,12.458,0.37990973408148326
1192,735781.8277777778,-0.012,12.485,12.473,0.3803671627226153
1193,735781.8284722222,-0.012,10.37,10.358,0.3158697243230056
1194,735781.8291666667,-0.011,8.871,8.86,0.2701878506952915
1195,735781.8298611111,-0.011,11.538,11.527,0.35151866308855817
1196,735781.8305555556,-0.011,12.006,11.995,0.36579043669187605
1197,735781.83125,-0.011,12.188,12.177,0.3713405708709441
1198,735781.8319444443,-0.011,12.115,12.104,0.36911441815076845
1199,735781.8326388889,-0.011,12.174,12.163,0.3709136374725543
1200,735781.8333333333,-0.011,12.217,12.206,0.37222493291046593
1201,735781.834027778,-0.012,12.779,12.767,0.38933276408880213
1202,735781.8347222221,-0.012,16.574,16.562,0.5050622102951939
1203,735781.8354166667,-0.012,19.573,19.561,0.5965174432788485
1204,735781.8361111111,-0.012,17.106,17.094,0.5212856794340083
1205,735781.8368055555,-0.013,16.727,16.715,0.5097279824347402
1206,735781.8375,-0.012,16.377,16.365,0.49905464747499384
1207,735781.8381944445,-0.013,16.436,16.423,0.5008233715540374
1208,735781.838888889,-0.012,18.403,18.391,0.5608380092705537
1209,735781.8395833332,-0.013,19.473,19.461,0.5934679190046352
1210,735781.8402777779,-0.012,19.051,19.039,0.5805989265674555
1211,735781.8409722222,-0.012,19.181,19.169,0.5845633081239326
1212,735781.8416666666,-0.012,19.064,19.052,0.5809953647231032
1213,735781.8423611111,-0.012,19.04,19.028,0.5802634788972919
1214,735781.8430555556,-0.012,20.53,20.518,0.6257013905830691
1215,735781.84375,-0.011,15.285,15.274,0.4657843376433276
1216,735781.8444444444,-0.011,14.4,14.389,0.4387960478165406
1217,735781.8451388889,-0.011,16.316,16.305,0.49722493291046593
1218,735781.8458333333,-0.011,16.382,16.371,0.49923761893144664
1219,735781.8465277778,-0.011,16.182,16.171,0.4931385703830202
1220,735781.8472222221,-0.011,14.051,14.039,0.4281227128567943
1221,735781.8479166665,-0.011,13.043,13.031,0.39738350817272505
1222,735781.848611111,-0.011,12.4,12.389,0.37780556233227613
1223,735781.8493055555,-0.011,12.118,12.106,0.3691754086362527
1224,735781.85,-0.011,13.735,13.723,0.41848621615028053
1225,735781.8506944445,-0.011,12.927,12.916,0.39387655525737986
1226,735781.8513888889,-0.011,12.248,12.237,0.37317028543547204
1227,735781.8520833333,-0.011,11.847,11.836,0.36094169309587704
1228,735781.8527777778,-0.011,11.829,11.817,0.3603622834837765
1229,735781.8534722222,-0.011,11.295,11.284,0.34410831910222006
1230,735781.8541666665,-0.011,14.675,14.664,0.44718223957062697
1231,735781.8548611111,-0.011,14.659,14.647,0.4466638204440107
1232,735781.8555555557,-0.011,14.572,14.56,0.44401073432544524
1233,735781.8562499998,-0.011,14.546,14.535,0.4432483532568919
1234,735781.8569444444,-0.011,15.542,15.53,0.47359111978531343
1235,735781.8576388889,-0.011,16.047,16.036,0.4890217126128324
1236,735781.8583333332,-0.011,19.646,19.635,0.5987740912417663
1237,735781.8590277778,-0.011,17.611,17.6,0.5367162722615272
1238,735781.8597222222,-0.011,19.462,19.451,0.5931629665772139
1239,735781.8604166667,-0.011,19.845,19.834,0.6048426445474505
1240,735781.8611111111,-0.011,19.975,19.964,0.6088070261039277
1241,735781.8618055554,-0.011,20.006,19.995,0.6097523786289338
1242,735781.8625,-0.011,19.92,19.909,0.6071297877531104
1243,735781.8631944446,-0.011,19.96,19.949,0.6083495974627958
1244,735781.8638888889,-0.011,19.95,19.939,0.6080446450353745
1245,735781.8645833333,-0.011,17.244,17.233,0.5255245181751647
1246,735781.865277778,-0.012,16.585,16.574,0.5054281532080995
1247,735781.8659722221,-0.012,18.228,18.216,0.5555013417906807
1248,735781.8666666667,-0.012,18.122,18.111,0.5522993413027567
1249,735781.8673611111,-0.012,14.832,14.82,0.4519394974383996
1250,735781.8680555556,-0.012,16.506,16.495,0.5030190290314711
1251,735781.86875,-0.012,16.001,15.989,0.4875884362039522
1252,735781.8694444444,-0.012,13.397,13.386,0.40820931934618193
1253,735781.870138889,-0.012,15.841,15.829,0.482709197365211
1254,735781.8708333332,-0.012,18.825,18.813,0.5737070017077335
1255,735781.8715277779,-0.012,18.865,18.853,0.5749268114174189
1256,735781.8722222222,-0.012,19.185,19.173,0.5846852890949011
1257,735781.8729166666,-0.012,22.858,22.847,0.696724810929495
1258,735781.8736111111,-0.012,22.041,22.029,0.6717797023664308
1259,735781.8743055555,-0.012,19.527,19.515,0.5951146621127104
1260,735781.875,-0.012,25.053,25.041,0.7636313735057331
1261,735781.8756944445,-0.012,22.404,22.393,0.682879970724567
1262,735781.8763888889,-0.012,20.236,20.224,0.6167357892168821
1263,735781.8770833333,-0.012,20.568,20.556,0.6268602098072701
1264,735781.8777777778,-0.012,18.413,18.402,0.5611734569407173
1265,735781.8784722221,-0.012,16.489,16.477,0.5024701146621127
1266,735781.8791666665,-0.012,16.141,16.13,0.4918882654305928
1267,735781.879861111,-0.012,16.062,16.05,0.48944864601122223
1268,735781.8805555556,-0.012,11.816,11.804,0.3599658453281288
1269,735781.88125,-0.012,13.017,13.006,0.39662112710417174
1270,735781.8819444444,-0.012,20.137,20.125,0.613716760185411
1271,735781.8826388889,-0.012,14.48,14.468,0.44120517199316905
1272,735781.8833333333,-0.012,12.293,12.281,0.37451207611612586
1273,735781.8840277778,-0.012,12.83,12.819,0.39091851671139305
1274,735781.8847222222,-0.012,11.039,11.027,0.33627104171749206
1275,735781.8854166665,-0.011,10.709,10.698,0.32623810685533056
1276,735781.8861111111,-0.011,10.489,10.478,0.31952915345206145
1277,735781.8868055554,-0.011,10.433,10.421,0.3177909246157599
1278,735781.8874999998,-0.011,10.451,10.44,0.31837033422786043
1279,735781.8881944446,-0.011,11.254,11.243,0.3428580141497926
1280,735781.8888888889,-0.011,14.728,14.717,0.44879848743595996
1281,735781.8895833332,-0.011,13.413,13.402,0.4086972432300561
1282,735781.8902777778,-0.011,12.854,12.843,0.3916504025372042
1283,735781.8909722222,-0.011,14.012,14.001,0.4269638936325933
1284,735781.8916666667,-0.011,15.958,15.947,0.4863076360087826
1285,735781.8923611111,-0.011,16.028,16.017,0.4884423030007318
1286,735781.8930555556,-0.011,16.117,16.106,0.4911563796047817
1287,735781.89375,-0.011,13.718,13.707,0.41799829226640645
1288,735781.8944444443,-0.011,12.595,12.584,0.38375213466699193
1289,735781.8951388889,-0.011,11.828,11.817,0.3603622834837765
1290,735781.8958333333,-0.011,10.664,10.653,0.3248658209319346
1291,735781.896527778,-0.011,10.372,10.361,0.315961210051232
1292,735781.8972222221,-0.011,12.908,12.897,0.39329714564527934
1293,735781.8979166667,-0.011,13.975,13.964,0.4258355696511344
1294,735781.8986111111,-0.011,11.539,11.528,0.3515491583313003
1295,735781.8993055555,-0.011,10.963,10.952,0.33398389851183213
1296,735781.9,-0.011,10.325,10.314,0.31452793364235176
1297,735781.9006944445,-0.011,10.729,10.718,0.3268480117101732
1298,735781.901388889,-0.011,11.945,11.934,0.36393022688460597
1299,735781.9020833332,-0.011,12.083,12.073,0.36816906562576235
1300,735781.9027777779,-0.011,12.173,12.162,0.37088314222981217
1301,735781.9034722222,-0.011,12.012,12.001,0.36597340814832885
1302,735781.9041666666,-0.011,14.387,14.376,0.43839960966089286
1303,735781.9048611111,-0.011,13.598,13.587,0.4143388631373505
1304,735781.9055555556,-0.011,12.5,12.489,0.38085508660648937
1305,735781.90625,-0.011,13.954,13.943,0.42519516955354963
1306,735781.9069444444,-0.011,15.262,15.251,0.46508294706025854
1307,735781.9076388889,-0.011,14.959,14.948,0.45584288850939253
1308,735781.9083333333,-0.011,14.094,14.083,0.42946450353744814
1309,735781.9090277778,-0.011,10.937,10.927,0.3332215174432788
1310,735781.9097222221,-0.011,9.621,9.61,0.2930592827518907
1311,735781.9104166665,-0.011,8.967,8.956,0.2731153939985362
1312,735781.911111111,-0.011,9.153,9.143,0.278818004391315
1313,735781.9118055555,-0.011,8.863,8.853,0.2699743839960966
1314,735781.9125,-0.011,6.632,6.621,0.2019090021956575
1315,735781.9131944445,-0.011,5.975,5.964,0.1818736277140766
1316,735781.9138888889,-0.011,8.527,8.516,0.25969748719199803
1317,735781.9145833333,-0.011,11.047,11.036,0.3365454989021712
1318,735781.9152777778,-0.011,10.987,10.976,0.3347157843376433
1319,735781.9159722222,-0.011,10.898,10.887,0.33200170773359355
1320,735781.9166666665,-0.011,10.814,10.803,0.32944010734325446
1321,735781.9173611111,-0.011,10.832,10.821,0.3299890217126128
1322,735781.9180555557,-0.011,10.897,10.886,0.3319712124908514
1323,735781.9187499998,-0.011,12.839,12.828,0.39119297389607216
1324,735781.9194444444,-0.011,16.001,15.991,0.4876494266894364
1325,735781.9201388889,-0.011,18.748,18.737,0.5713893632593314
1326,735781.9208333332,-0.011,18.745,18.735,0.5713283727738472
1327,735781.9215277778,-0.011,15.982,15.971,0.48703952183459376
1328,735781.9222222222,-0.011,15.817,15.806,0.48200780678214195
1329,735781.9229166667,-0.011,15.725,15.714,0.4792022444498658
1330,735781.9236111111,-0.011,10.646,10.635,0.3243169065625762
1331,735781.9243055554,-0.011,9.745,9.734,0.2968406928519151
1332,735781.925,-0.011,9.714,9.703,0.29589534032690895
1333,735781.9256944446,-0.011,7.986,7.975,0.2431995608685045
1334,735781.9263888889,-0.011,6.784,6.773,0.20654427909246156
1335,735781.9270833333,-0.011,5.786,5.775,0.17611002683581362
1336,735781.927777778,-0.011,6.459,6.448,0.1966333252012686
1337,735781.9284722221,-0.011,7.335,7.324,0.22334715784337641
1338,735781.9291666667,-0.011,6.937,6.926,0.2112100512320078
1339,735781.9298611111,-0.011,8.131,8.12,0.24762137106611365
1340,735781.9305555556,-0.011,10.768,10.757,0.32803732617711634
1341,735781.93125,-0.011,10.787,10.776,0.32861673578921685
1342,735781.9319444444,-0.011,10.712,10.701,0.326329592583557
1343,735781.932638889,-0.011,10.789,10.778,0.32867772627470115
1344,735781.9333333332,-0.011,10.755,10.744,0.3276408880214686
1345,735781.9340277779,-0.011,10.399,10.388,0.31678458160526957
1346,735781.9347222222,-0.011,13.379,13.368,0.4076604049768236
1347,735781.9354166666,-0.011,13.709,13.698,0.4177238350817272
1348,735781.9361111111,-0.011,18.09,18.08,0.5513539887777505
1349,735781.9368055555,-0.011,18.699,18.688,0.569895096364967
1350,735781.9375,-0.011,16.414,16.403,0.5002134666991949
1351,735781.9381944445,-0.011,15.475,15.464,0.4715784337643327
1352,735781.9388888889,-0.011,14.275,14.264,0.43498414247377404
1353,735781.9395833333,-0.011,14.765,14.754,0.44992681141741886
1354,735781.9402777778,-0.011,13.291,13.28,0.40497682361551596
1355,735781.9409722221,-0.011,11.955,11.944,0.3642351793120273
1356,735781.9416666665,-0.011,7.621,7.61,0.23206879726762625
1357,735781.942361111,-0.011,7.557,7.546,0.2301171017321298
1358,735781.9430555556,-0.011,7.51,7.5,0.2287143205659917
1359,735781.94375,-0.011,7.276,7.265,0.2215479385215906
1360,735781.9444444444,-0.011,7.749,7.738,0.2359721883386192
1361,735781.9451388889,-0.011,9.966,9.955,0.30358014149792634
1362,735781.9458333333,-0.011,9.644,9.633,0.2937606733349597
1363,735781.9465277778,-0.011,9.625,9.614,0.29318126372285924
1364,735781.9472222222,-0.011,9.608,9.597,0.292662844596243
1365,735781.9479166665,-0.011,9.696,9.685,0.2953464259575506
1366,735781.9486111111,-0.011,6.866,6.855,0.2090448889973164
1367,735781.9493055554,-0.011,6.305,6.294,0.1919370578189802
1368,735781.9499999998,-0.011,6.19,6.179,0.18843010490363504
1369,735781.9506944446,-0.011,7.468,7.457,0.22740302512808
1370,735781.9513888889,-0.011,11.224,11.214,0.3419736521102708
1371,735781.9520833332,-0.011,11.209,11.199,0.3415162234691388
1372,735781.9527777778,-0.011,11.207,11.196,0.34142473774091237
1373,735781.9534722222,-0.011,14.712,14.701,0.4483105635520859
1374,735781.9541666667,-0.011,14.98,14.97,0.45651378384971947
1375,735781.9548611111,-0.011,11.902,11.891,0.3626189314466943
1376,735781.9555555556,-0.011,11.343,11.332,0.34557209075384243
1377,735781.95625,-0.011,8.323,8.312,0.253476457672603
1378,735781.9569444443,-0.011,7.062,7.051,0.21502195657477433
1379,735781.9576388889,-0.011,6.141,6.13,0.18693583800927055
1380,735781.9583333333,-0.011,5.783,5.772,0.17601854110758722
1381,735781.959027778,-0.011,5.832,5.821,0.17751280800195168
1382,735781.9597222221,-0.011,5.988,5.977,0.18227006586972433
1383,735781.9604166667,-0.011,9.509,9.498,0.28964381556477187
1384,735781.9611111111,-0.011,9.494,9.483,0.2891863869236399
1385,735781.9618055555,-0.011,9.344,9.333,0.28461210051232005
1386,735781.9625,-0.011,9.308,9.297,0.28351427177360333
1387,735781.9631944445,-0.011,9.696,9.685,0.2953464259575506
1388,735781.963888889,-0.011,10.962,10.952,0.33398389851183213
1389,735781.9645833332,-0.011,10.956,10.945,0.3337704318126372
1390,735781.9652777779,-0.011,10.063,10.052,0.30653818004391314
1391,735781.9659722222,-0.011,8.03,8.019,0.24454135154915832
1392,735781.9666666666,-0.011,7.364,7.353,0.22423151988289824
1393,735781.9673611111,-0.011,9.653,9.642,0.2940351305196389
1394,735781.9680555556,-0.011,11.013,11.002,0.33550866064893875
1395,735781.96875,-0.011,10.982,10.971,0.33456330812393265
1396,735781.9694444444,-0.011,10.867,10.856,0.33105635520858745
1397,735781.9701388889,-0.011,12.797,12.786,0.38991217370090264
1398,735781.9708333333,-0.011,10.418,10.407,0.3173639912173701
1399,735781.9715277778,-0.011,9.405,9.394,0.28647231031959014
1400,735781.9722222221,-0.011,8.965,8.954,0.273054403513052
1401,735781.9729166665,-0.011,7.031,7.02,0.21407660404976822
1402,735781.973611111,-0.011,6.035,6.024,0.18370334227860452
1403,735781.9743055555,-0.011,5.46,5.449,0.16616857770187848
1404,735781.975,-0.011,5.355,5.344,0.16296657721395463
1405,735781.9756944445,-0.011,8.765,8.754,0.26695535496462547
1406,735781.9763888889,-0.011,9.17,9.159,0.2793059282751891
1407,735781.9770833333,-0.011,10.346,10.335,0.3151683337399366
1408,735781.9777777778,-0.011,10.764,10.753,0.32791534520614785
1409,735781.9784722222,-0.011,10.82,10.809,0.3296230787997072
1410,735781.9791666665,-0.011,10.792,10.781,0.3287692120029275
1411,735781.9798611111,-0.011,10.754,10.743,0.3276103927787265
1412,735781.9805555557,-0.011,10.219,10.208,0.3112954379116858
1413,735781.9812499998,-0.011,10.929,10.918,0.3329470602585996
1414,735781.9819444444,-0.011,10.269,10.258,0.31282020004879235
1415,735781.9826388889,-0.011,9.74,9.729,0.2966882166382044
1416,735781.9833333332,-0.011,10.226,10.215,0.3115089046108807
1417,735781.9840277778,-0.011,12.928,12.917,0.393907050500122
1418,735781.9847222222,-0.011,12.81,12.8,0.39033910709929254
1419,735781.9854166667,-0.011,12.793,12.782,0.3897901927299341
1420,735781.9861111111,-0.011,12.628,12.618,0.38478897292022446
1421,735781.9868055554,-0.011,9.821,9.81,0.29915833130031716
1422,735781.9875,-0.011,9.145,9.134,0.27854354720663577
1423,735781.9881944446,-0.011,9.404,9.393,0.286441815076848
1424,735781.9888888889,-0.011,12.398,12.387,0.3777445718467919
1425,735781.9895833333,-0.011,13.72,13.71,0.4180897779946328
1426,735781.990277778,-0.011,13.971,13.96,0.4257135886801659
1427,735781.9909722221,-0.011,14.039,14.028,0.4277872651866309
1428,735781.9916666667,-0.011,16.943,16.932,0.5163454501097828
1429,735781.9923611111,-0.011,17.964,17.954,0.547511588192242
1430,735781.9930555556,-0.011,21.644,21.633,0.6597035862405464
1431,735781.99375,-0.011,19.828,19.817,0.6043242254208343
1432,735781.9944444444,-0.011,17.69,17.679,0.5391253964381556
1433,735781.995138889,-0.011,16.772,16.761,0.5111307636008782
1434,735781.9958333332,-0.011,16.532,16.521,0.5038119053427665
1435,735781.9965277779,-0.011,13.727,13.716,0.4182727494510856
1436,735781.9972222222,-0.011,13.235,13.224,0.40326909002195654
1437,735781.9979166666,-0.011,9.507,9.496,0.2895828250792876
1438,735781.9986111111,-0.011,9.426,9.416,0.2871432056599171
1439,735781.9993055555,-0.011,10.833,10.822,0.3300195169553549
1440,735782.0,-0.011,14.453,14.442,0.4404122956818736
