735781.000000000000,-0.004000000000,14.298000000000,14.298000000000
735781.000694444400,-0.004000000000,11.029000000000,11.029000000000
735781.001388888920,-0.003000000000,10.592000000000,10.592000000000
735781.002083333330,-0.002000000000,10.123000000000,10.123000000000
735781.002777777730,-0.002000000000,8.252000000000,8.252000000000
735781.003472222250,-0.002000000000,7.744000000000,7.744000000000
735781.004166666650,-0.002000000000,7.397000000000,7.397000000000
735781.004861111050,-0.002000000000,9.983000000000,9.983000000000
735781.005555555570,-0.002000000000,11.096000000000,11.096000000000
735781.006249999980,-0.002000000000,11.012000000000,11.012000000000
735781.006944444500,-0.002000000000,11.001000000000,11.001000000000
735781.007638888900,-0.002000000000,10.118000000000,10.118000000000
735781.008333333300,-0.002000000000,9.582000000000,9.582000000000
735781.009027777820,-0.002000000000,7.045000000000,7.045000000000
735781.009722222220,-0.002000000000,5.354000000000,5.354000000000
735781.010416666630,-0.004000000000,7.205000000000,7.205000000000
735781.011111111150,-0.004000000000,9.755000000000,9.755000000000
735781.011805555550,-0.004000000000,11.890000000000,11.890000000000
735781.012499999950,-0.004000000000,11.722000000000,11.722000000000
735781.013194444470,-0.004000000000,11.579000000000,11.579000000000
735781.013888888880,-0.004000000000,11.690000000000,11.690000000000
735781.014583333280,-0.004000000000,11.675000000000,11.675000000000
735781.015277777800,-0.004000000000,9.096000000000,9.096000000000
735781.015972222200,-0.004000000000,7.950000000000,7.950000000000
735781.016666666720,-0.002000000000,6.212000000000,6.212000000000
735781.017361111120,-0.002000000000,6.062000000000,6.062000000000
735781.018055555530,-0.002000000000,5.792000000000,5.792000000000
735781.018750000050,-0.002000000000,5.721000000000,5.721000000000
735781.019444444450,-0.002000000000,5.705000000000,5.705000000000
735781.020138888850,-0.002000000000,7.377000000000,7.377000000000
735781.020833333370,-0.002000000000,9.687000000000,9.687000000000
735781.021527777780,-0.002000000000,9.698000000000,9.698000000000
735781.022222222180,-0.002000000000,9.766000000000,9.766000000000
735781.022916666700,-0.002000000000,9.800000000000,9.800000000000
735781.023611111100,-0.002000000000,9.660000000000,9.660000000000
735781.024305555500,-0.002000000000,9.767000000000,9.767000000000
735781.025000000020,-0.005000000000,13.284000000000,13.284000000000
735781.025694444430,-0.005000000000,13.265000000000,13.265000000000
735781.026388888950,-0.005000000000,10.468000000000,10.468000000000
735781.027083333350,-0.004000000000,9.805000000000,9.805000000000
735781.027777777750,-0.004000000000,9.213000000000,9.213000000000
735781.028472222270,-0.004000000000,11.030000000000,11.030000000000
735781.029166666670,-0.004000000000,14.273000000000,14.273000000000
735781.029861111080,-0.004000000000,11.810000000000,11.810000000000
735781.030555555600,-0.003000000000,11.087000000000,11.087000000000
735781.031250000000,-0.002000000000,10.448000000000,10.448000000000
735781.031944444400,-0.002000000000,10.432000000000,10.432000000000
735781.032638888920,-0.002000000000,10.380000000000,10.380000000000
735781.033333333330,-0.002000000000,9.902000000000,9.902000000000
735781.034027777730,-0.002000000000,7.535000000000,7.535000000000
735781.034722222250,-0.002000000000,6.838000000000,6.838000000000
735781.035416666650,-0.002000000000,6.084000000000,6.084000000000
735781.036111111050,-0.002000000000,7.961000000000,7.961000000000
735781.036805555570,-0.002000000000,10.548000000000,10.548000000000
735781.037499999980,-0.002000000000,10.284000000000,10.284000000000
735781.038194444500,-0.002000000000,12.926000000000,12.926000000000
735781.038888888900,-0.002000000000,13.841000000000,13.841000000000
735781.039583333300,-0.003000000000,16.550000000000,16.550000000000
735781.040277777820,-0.004000000000,17.217000000000,17.217000000000
735781.040972222220,-0.004000000000,17.707000000000,17.707000000000
735781.041666666630,-0.004000000000,11.217000000000,11.217000000000
735781.042361111150,-0.004000000000,8.662000000000,8.662000000000
735781.043055555550,-0.004000000000,7.723000000000,7.723000000000
735781.043749999950,-0.004000000000,6.509000000000,6.509000000000
735781.044444444470,-0.004000000000,4.826000000000,4.826000000000
735781.045138888880,-0.002000000000,4.227000000000,4.227000000000
735781.045833333280,-0.002000000000,3.979000000000,3.979000000000
735781.046527777800,-0.002000000000,5.158000000000,5.158000000000
735781.047222222200,-0.002000000000,7.711000000000,7.711000000000
735781.047916666720,-0.002000000000,7.730000000000,7.730000000000
735781.048611111120,-0.002000000000,7.882000000000,7.882000000000
735781.049305555530,-0.002000000000,7.900000000000,7.900000000000
735781.050000000050,-0.002000000000,8.011000000000,8.011000000000
735781.050694444450,-0.002000000000,8.066000000000,8.066000000000
735781.051388888850,-0.002000000000,9.718000000000,9.718000000000
735781.052083333370,-0.002000000000,8.905000000000,8.905000000000
735781.052777777780,-0.002000000000,8.068000000000,8.068000000000
735781.053472222180,-0.002000000000,8.068000000000,8.068000000000
735781.054166666700,-0.004000000000,11.183000000000,11.183000000000
735781.054861111100,-0.004000000000,9.195000000000,9.195000000000
735781.055555555500,-0.004000000000,8.745000000000,8.745000000000
735781.056250000020,-0.004000000000,11.095000000000,11.095000000000
735781.056944444430,-0.004000000000,12.769000000000,12.769000000000
735781.057638888950,-0.004000000000,10.404000000000,10.404000000000
735781.058333333350,-0.003000000000,9.635000000000,9.635000000000
735781.059027777750,-0.002000000000,8.841000000000,8.841000000000
735781.059722222270,-0.002000000000,8.631000000000,8.631000000000
735781.060416666670,-0.002000000000,8.567000000000,8.567000000000
735781.061111111080,-0.002000000000,8.563000000000,8.563000000000
735781.061805555600,-0.002000000000,8.510000000000,8.510000000000
735781.062500000000,-0.002000000000,8.425000000000,8.425000000000
735781.063194444400,-0.002000000000,8.370000000000,8.370000000000
735781.063888888920,-0.002000000000,8.377000000000,8.377000000000
735781.064583333330,-0.002000000000,7.019000000000,7.019000000000
735781.065277777730,-0.002000000000,7.222000000000,7.222000000000
735781.065972222250,-0.002000000000,9.543000000000,9.543000000000
735781.066666666650,-0.002000000000,11.910000000000,11.910000000000
735781.067361111050,-0.002000000000,13.437000000000,13.437000000000
735781.068055555570,-0.003000000000,12.800000000000,12.800000000000
735781.068749999980,-0.004000000000,14.342000000000,14.342000000000
735781.069444444500,-0.004000000000,14.031000000000,14.031000000000
735781.070138888900,-0.004000000000,11.947000000000,11.947000000000
735781.070833333300,-0.004000000000,11.049000000000,11.049000000000
735781.071527777820,-0.004000000000,10.003000000000,10.003000000000
735781.072222222220,-0.004000000000,8.530000000000,8.530000000000
735781.072916666630,-0.004000000000,6.953000000000,6.953000000000
735781.073611111150,-0.002000000000,6.010000000000,6.010000000000
735781.074305555550,-0.002000000000,5.985000000000,5.985000000000
735781.074999999950,-0.002000000000,5.986000000000,5.986000000000
735781.075694444470,-0.002000000000,6.054000000000,6.054000000000
735781.076388888880,-0.002000000000,6.139000000000,6.139000000000
735781.077083333280,-0.002000000000,6.099000000000,6.099000000000
735781.077777777800,-0.002000000000,8.319000000000,8.319000000000
735781.078472222200,-0.002000000000,8.108000000000,8.108000000000
735781.079166666720,-0.002000000000,7.856000000000,7.856000000000
735781.079861111120,-0.002000000000,6.397000000000,6.397000000000
735781.080555555530,-0.002000000000,5.549000000000,5.549000000000
735781.081250000050,-0.002000000000,4.819000000000,4.819000000000
735781.081944444450,-0.002000000000,5.941000000000,5.941000000000
735781.082638888850,-0.002000000000,8.551000000000,8.551000000000
735781.083333333370,-0.002000000000,8.482000000000,8.482000000000
735781.084027777780,-0.004000000000,14.547000000000,14.547000000000
735781.084722222180,-0.004000000000,15.662000000000,15.662000000000
735781.085416666700,-0.004000000000,12.956000000000,12.956000000000
735781.086111111100,-0.004000000000,11.436000000000,11.436000000000
735781.086805555500,-0.004000000000,8.596000000000,8.596000000000
735781.087500000020,-0.004000000000,5.327000000000,5.327000000000
735781.088194444430,-0.003000000000,4.494000000000,4.494000000000
735781.088888888950,-0.002000000000,4.054000000000,4.054000000000
735781.089583333350,-0.002000000000,4.046000000000,4.046000000000
735781.090277777750,-0.002000000000,4.012000000000,4.012000000000
735781.090972222270,-0.002000000000,3.939000000000,3.939000000000
735781.091666666670,-0.002000000000,3.979000000000,3.979000000000
735781.092361111080,-0.002000000000,3.958000000000,3.958000000000
735781.093055555600,-0.002000000000,4.074000000000,4.074000000000
735781.093750000000,-0.002000000000,4.204000000000,4.204000000000
735781.094444444400,-0.002000000000,4.180000000000,4.180000000000
735781.095138888920,-0.002000000000,4.162000000000,4.162000000000
735781.095833333330,-0.002000000000,4.048000000000,4.048000000000
735781.096527777730,-0.002000000000,4.036000000000,4.036000000000
735781.097222222250,-0.002000000000,5.414000000000,5.414000000000
735781.097916666650,-0.002000000000,11.145000000000,11.145000000000
735781.098611111050,-0.002000000000,14.076000000000,14.076000000000
735781.099305555570,-0.004000000000,17.442000000000,17.442000000000
735781.099999999980,-0.004000000000,17.817000000000,17.817000000000
735781.100694444500,-0.004000000000,12.274000000000,12.274000000000
735781.101388888900,-0.004000000000,11.343000000000,11.343000000000
735781.102083333300,-0.004000000000,13.216000000000,13.216000000000
735781.102777777820,-0.004000000000,11.322000000000,11.322000000000
735781.103472222220,-0.003000000000,10.589000000000,10.589000000000
735781.104166666630,-0.002000000000,8.343000000000,8.343000000000
735781.104861111150,-0.002000000000,8.232000000000,8.232000000000
735781.105555555550,-0.002000000000,7.831000000000,7.831000000000
735781.106249999950,-0.002000000000,6.874000000000,6.874000000000
735781.106944444470,-0.002000000000,5.161000000000,5.161000000000
735781.107638888880,-0.002000000000,4.429000000000,4.429000000000
735781.108333333280,-0.002000000000,4.373000000000,4.373000000000
735781.109027777800,-0.002000000000,4.374000000000,4.374000000000
735781.109722222200,-0.002000000000,4.369000000000,4.369000000000
735781.110416666720,-0.002000000000,4.297000000000,4.297000000000
735781.111111111120,-0.002000000000,4.169000000000,4.169000000000
735781.111805555530,-0.002000000000,4.300000000000,4.300000000000
735781.112500000050,-0.002000000000,7.143000000000,7.143000000000
735781.113194444450,-0.002000000000,8.253000000000,8.253000000000
735781.113888888850,-0.002000000000,8.027000000000,8.027000000000
735781.114583333370,-0.002000000000,8.023000000000,8.023000000000
735781.115277777780,-0.002000000000,8.199000000000,8.199000000000
735781.115972222180,-0.004000000000,11.653000000000,11.653000000000
735781.116666666700,-0.004000000000,11.558000000000,11.558000000000
735781.117361111100,-0.004000000000,10.655000000000,10.655000000000
735781.118055555500,-0.004000000000,8.746000000000,8.746000000000
735781.118750000020,-0.004000000000,5.605000000000,5.605000000000
735781.119444444430,-0.003000000000,6.247000000000,6.247000000000
735781.120138888950,-0.002000000000,8.315000000000,8.315000000000
735781.120833333350,-0.002000000000,8.356000000000,8.356000000000
735781.121527777750,-0.002000000000,8.324000000000,8.324000000000
735781.122222222270,-0.002000000000,8.312000000000,8.312000000000
735781.122916666670,-0.002000000000,8.312000000000,8.312000000000
735781.123611111080,-0.002000000000,8.223000000000,8.223000000000
735781.124305555600,-0.002000000000,7.375000000000,7.375000000000
735781.125000000000,-0.002000000000,7.578000000000,7.578000000000
735781.125694444400,-0.002000000000,7.199000000000,7.199000000000
735781.126388888920,-0.002000000000,7.375000000000,7.375000000000
735781.127083333330,-0.002000000000,14.310000000000,14.310000000000
735781.127777777730,-0.002000000000,14.755000000000,14.755000000000
735781.128472222250,-0.002000000000,13.058000000000,13.058000000000
735781.129166666650,-0.002000000000,11.902000000000,11.902000000000
735781.129861111050,-0.002000000000,8.943000000000,8.943000000000
735781.130555555570,-0.002000000000,8.227000000000,8.227000000000
735781.131249999980,-0.002000000000,7.696000000000,7.696000000000
735781.131944444500,-0.002000000000,8.051000000000,8.051000000000
735781.132638888900,-0.005000000000,10.938000000000,10.938000000000
735781.133333333300,-0.004000000000,10.417000000000,10.417000000000
735781.134027777820,-0.004000000000,10.349000000000,10.349000000000
735781.134722222220,-0.004000000000,10.269000000000,10.269000000000
735781.135416666630,-0.004000000000,9.177000000000,9.177000000000
735781.136111111150,-0.004000000000,8.945000000000,8.945000000000
735781.136805555550,-0.002000000000,8.096000000000,8.096000000000
735781.137499999950,-0.002000000000,8.140000000000,8.140000000000
735781.138194444470,-0.002000000000,7.446000000000,7.446000000000
735781.138888888880,-0.002000000000,8.463000000000,8.463000000000
735781.139583333280,-0.002000000000,9.468000000000,9.468000000000
735781.140277777800,-0.002000000000,9.366000000000,9.366000000000
735781.140972222200,-0.002000000000,10.413000000000,10.413000000000
735781.141666666720,-0.002000000000,13.161000000000,13.161000000000
735781.142361111120,-0.002000000000,13.028000000000,13.028000000000
735781.143055555530,-0.003000000000,11.896000000000,11.896000000000
735781.143750000050,-0.002000000000,10.089000000000,10.089000000000
735781.144444444450,-0.002000000000,6.545000000000,6.545000000000
735781.145138888850,-0.002000000000,5.987000000000,5.987000000000
735781.145833333370,-0.003000000000,5.485000000000,5.485000000000
735781.146527777780,-0.002000000000,5.614000000000,5.614000000000
735781.147222222180,-0.002000000000,5.647000000000,5.647000000000
735781.147916666700,-0.003000000000,5.641000000000,5.641000000000
735781.148611111100,-0.003000000000,8.453000000000,8.453000000000
735781.149305555500,-0.005000000000,13.990000000000,13.990000000000
735781.150000000020,-0.005000000000,10.322000000000,10.322000000000
735781.150694444430,-0.005000000000,9.359000000000,9.359000000000
735781.151388888950,-0.005000000000,8.078000000000,8.078000000000
735781.152083333350,-0.005000000000,6.636000000000,6.636000000000
735781.152777777750,-0.002000000000,6.431000000000,6.431000000000
735781.153472222270,-0.002000000000,9.357000000000,9.357000000000
735781.154166666670,-0.002000000000,9.351000000000,9.351000000000
735781.154861111080,-0.002000000000,7.775000000000,7.775000000000
735781.155555555600,-0.002000000000,5.136000000000,5.136000000000
735781.156250000000,-0.002000000000,4.206000000000,4.206000000000
735781.156944444400,-0.002000000000,8.614000000000,8.614000000000
735781.157638888920,-0.002000000000,9.395000000000,9.395000000000
735781.158333333330,-0.002000000000,9.813000000000,9.813000000000
735781.159027777730,-0.002000000000,12.695000000000,12.695000000000
735781.159722222250,-0.002000000000,12.196000000000,12.196000000000
735781.160416666650,-0.002000000000,11.213000000000,11.213000000000
735781.161111111050,-0.002000000000,10.510000000000,10.510000000000
735781.161805555570,-0.002000000000,10.524000000000,10.524000000000
735781.162499999980,-0.002000000000,10.538000000000,10.538000000000
735781.163194444500,-0.002000000000,8.385000000000,8.385000000000
735781.163888888900,-0.002000000000,6.786000000000,6.786000000000
735781.164583333300,-0.002000000000,6.146000000000,6.146000000000
735781.165277777820,-0.005000000000,9.677000000000,9.677000000000
735781.165972222220,-0.005000000000,9.656000000000,9.656000000000
735781.166666666630,-0.005000000000,9.628000000000,9.628000000000
735781.167361111150,-0.005000000000,7.872000000000,7.872000000000
735781.168055555550,-0.005000000000,5.425000000000,5.425000000000
735781.168749999950,-0.003000000000,4.333000000000,4.333000000000
735781.169444444470,-0.002000000000,3.904000000000,3.904000000000
735781.170138888880,-0.002000000000,3.855000000000,3.855000000000
735781.170833333280,-0.002000000000,3.958000000000,3.958000000000
735781.171527777800,-0.002000000000,4.040000000000,4.040000000000
735781.172222222200,-0.002000000000,5.719000000000,5.719000000000
735781.172916666720,-0.002000000000,7.828000000000,7.828000000000
735781.173611111120,-0.002000000000,9.550000000000,9.550000000000
735781.174305555530,-0.002000000000,7.487000000000,7.487000000000
735781.175000000050,-0.002000000000,6.945000000000,6.945000000000
735781.175694444450,-0.002000000000,6.535000000000,6.535000000000
735781.176388888850,-0.002000000000,6.472000000000,6.472000000000
735781.177083333370,-0.002000000000,6.340000000000,6.340000000000
735781.177777777780,-0.002000000000,6.316000000000,6.316000000000
735781.178472222180,-0.002000000000,9.688000000000,9.688000000000
735781.179166666700,-0.002000000000,9.981000000000,9.981000000000
735781.179861111100,-0.002000000000,10.085000000000,10.085000000000
735781.180555555500,-0.002000000000,11.342000000000,11.342000000000
735781.181250000020,-0.004000000000,14.371000000000,14.371000000000
735781.181944444430,-0.005000000000,13.870000000000,13.870000000000
735781.182638888950,-0.005000000000,8.384000000000,8.384000000000
735781.183333333350,-0.005000000000,5.652000000000,5.652000000000
735781.184027777750,-0.003000000000,3.730000000000,3.730000000000
735781.184722222270,-0.003000000000,3.679000000000,3.679000000000
735781.185416666670,-0.003000000000,3.688000000000,3.688000000000
735781.186111111080,-0.003000000000,3.687000000000,3.687000000000
735781.186805555600,-0.003000000000,3.685000000000,3.685000000000
735781.187500000000,-0.003000000000,3.684000000000,3.684000000000
735781.188194444400,-0.003000000000,3.681000000000,3.681000000000
735781.188888888920,-0.003000000000,3.622000000000,3.622000000000
735781.189583333330,-0.003000000000,3.584000000000,3.584000000000
735781.190277777730,-0.003000000000,3.580000000000,3.580000000000
735781.190972222250,-0.003000000000,3.583000000000,3.583000000000
735781.191666666650,-0.003000000000,3.591000000000,3.591000000000
735781.192361111050,-0.003000000000,3.592000000000,3.592000000000
735781.193055555570,-0.003000000000,3.666000000000,3.666000000000
735781.193749999980,-0.002000000000,3.842000000000,3.842000000000
735781.194444444500,-0.002000000000,3.859000000000,3.859000000000
735781.195138888900,-0.002000000000,3.857000000000,3.857000000000
735781.195833333300,-0.002000000000,3.849000000000,3.849000000000
735781.196527777820,-0.002000000000,3.884000000000,3.884000000000
735781.197222222220,-0.002000000000,3.929000000000,3.929000000000
735781.197916666630,-0.002000000000,4.021000000000,4.021000000000
735781.198611111150,-0.002000000000,4.107000000000,4.107000000000
735781.199305555550,-0.002000000000,4.326000000000,4.326000000000
735781.199999999950,-0.002000000000,4.840000000000,4.840000000000
735781.200694444470,-0.015000000000,5.942000000000,5.942000000000
735781.201388888880,-0.019000000000,8.694000000000,8.694000000000
735781.202083333280,-0.016000000000,8.838000000000,8.838000000000
735781.202777777800,-0.002000000000,8.609000000000,8.609000000000
735781.203472222200,0.001000000000,5.998000000000,5.999000000000
735781.204166666720,0.004000000000,5.461000000000,5.465000000000
735781.204861111120,0.008000000000,5.279000000000,5.287000000000
735781.205555555530,0.012000000000,5.369000000000,5.380000000000
735781.206250000050,0.015000000000,5.499000000000,5.514000000000
735781.206944444450,0.020000000000,5.885000000000,5.905000000000
735781.207638888850,0.026000000000,6.593000000000,6.619000000000
735781.208333333370,0.031000000000,6.873000000000,6.904000000000
735781.209027777780,0.036000000000,7.171000000000,7.207000000000
735781.209722222180,0.041000000000,6.719000000000,6.760000000000
735781.210416666700,0.046000000000,10.438000000000,10.484000000000
735781.211111111100,0.052000000000,11.488000000000,11.540000000000
735781.211805555500,0.057000000000,11.349000000000,11.406000000000
735781.212500000020,0.062000000000,11.370000000000,11.432000000000
735781.213194444430,0.067000000000,10.616000000000,10.683000000000
735781.213888888950,0.072000000000,10.624000000000,10.696000000000
735781.214583333350,0.078000000000,6.608000000000,6.686000000000
735781.215277777750,0.083000000000,6.468000000000,6.551000000000
735781.215972222270,0.088000000000,6.499000000000,6.586000000000
735781.216666666670,0.092000000000,6.577000000000,6.669000000000
735781.217361111080,0.097000000000,6.993000000000,7.090000000000
735781.218055555600,0.101000000000,7.501000000000,7.602000000000
735781.218750000000,0.106000000000,6.730000000000,6.836000000000
735781.219444444400,0.111000000000,6.701000000000,6.812000000000
735781.220138888920,0.115000000000,8.542000000000,8.657000000000
735781.220833333330,0.120000000000,10.298000000000,10.418000000000
735781.221527777730,0.124000000000,14.117000000000,14.242000000000
735781.222222222250,0.129000000000,16.746000000000,16.875000000000
735781.222916666650,0.133000000000,15.382000000000,15.515000000000
735781.223611111050,0.140000000000,14.803000000000,14.942000000000
735781.224305555570,0.150000000000,14.625000000000,14.776000000000
735781.224999999980,0.150000000000,16.516000000000,16.666000000000
735781.225694444500,0.154000000000,15.686000000000,15.840000000000
735781.226388888900,0.161000000000,13.791000000000,13.953000000000
735781.227083333300,0.168000000000,12.419000000000,12.587000000000
735781.227777777820,0.177000000000,9.576000000000,9.753000000000
735781.228472222220,0.176000000000,8.788000000000,8.964000000000
735781.229166666630,0.180000000000,8.470000000000,8.650000000000
735781.229861111150,0.187000000000,8.030000000000,8.217000000000
735781.230555555550,0.189000000000,7.774000000000,7.963000000000
735781.231249999950,0.200000000000,7.482000000000,7.681000000000
735781.231944444470,0.196000000000,8.494000000000,8.690000000000
735781.232638888880,0.206000000000,8.765000000000,8.971000000000
735781.233333333280,0.213000000000,9.396000000000,9.609000000000
735781.234027777800,0.235000000000,10.036000000000,10.271000000000
735781.234722222200,0.230000000000,9.255000000000,9.485000000000
735781.235416666720,0.235000000000,10.139000000000,10.375000000000
735781.236111111120,0.257000000000,9.927000000000,10.184000000000
735781.236805555530,0.248000000000,10.774000000000,11.022000000000
735781.237500000050,0.250000000000,12.298000000000,12.548000000000
735781.238194444450,0.246000000000,11.443000000000,11.689000000000
735781.238888888850,0.269000000000,9.960000000000,10.229000000000
735781.239583333370,0.287000000000,9.674000000000,9.962000000000
735781.240277777780,0.287000000000,9.012000000000,9.299000000000
735781.240972222180,0.283000000000,8.385000000000,8.668000000000
735781.241666666700,0.291000000000,8.502000000000,8.793000000000
735781.242361111100,0.274000000000,12.434000000000,12.708000000000
735781.243055555500,0.277000000000,12.542000000000,12.819000000000
735781.243750000020,0.298000000000,12.411000000000,12.709000000000
735781.244444444430,0.314000000000,12.568000000000,12.881000000000
735781.245138888950,0.320000000000,9.994000000000,10.314000000000
735781.245833333350,0.344000000000,10.103000000000,10.447000000000
735781.246527777750,0.341000000000,7.211000000000,7.552000000000
735781.247222222270,0.304000000000,6.629000000000,6.933000000000
735781.247916666670,0.350000000000,6.575000000000,6.925000000000
735781.248611111080,0.384000000000,7.614000000000,7.998000000000
735781.249305555600,0.377000000000,11.021000000000,11.398000000000
735781.250000000000,0.364000000000,10.990000000000,11.354000000000
735781.250694444400,0.326000000000,10.996000000000,11.322000000000
735781.251388888920,0.387000000000,12.514000000000,12.901000000000
735781.252083333330,0.406000000000,11.165000000000,11.571000000000
735781.252777777730,0.428000000000,10.338000000000,10.766000000000
735781.253472222250,0.352000000000,10.338000000000,10.690000000000
735781.254166666650,0.403000000000,12.474000000000,12.877000000000
735781.254861111050,0.388000000000,9.692000000000,10.080000000000
735781.255555555570,0.438000000000,5.682000000000,6.120000000000
735781.256249999980,0.495000000000,5.569000000000,6.064000000000
735781.256944444500,0.484000000000,5.428000000000,5.912000000000
735781.257638888900,0.457000000000,4.648000000000,5.105000000000
735781.258333333300,0.450000000000,4.749000000000,5.200000000000
735781.259027777820,0.435000000000,6.562000000000,6.997000000000
735781.259722222220,0.387000000000,8.543000000000,8.930000000000
735781.260416666630,0.428000000000,8.622000000000,9.050000000000
735781.261111111150,0.467000000000,8.614000000000,9.081000000000
735781.261805555550,0.466000000000,8.577000000000,9.043000000000
735781.262499999950,0.447000000000,8.551000000000,8.997000000000
735781.263194444470,0.393000000000,8.698000000000,9.091000000000
735781.263888888880,0.512000000000,8.372000000000,8.883000000000
735781.264583333280,0.511000000000,9.774000000000,10.285000000000
735781.265277777800,0.517000000000,10.043000000000,10.560000000000
735781.265972222200,0.533000000000,12.874000000000,13.406000000000
735781.266666666720,0.538000000000,12.788000000000,13.326000000000
735781.267361111120,0.540000000000,12.673000000000,13.213000000000
735781.268055555530,0.567000000000,12.576000000000,13.143000000000
735781.268750000050,0.578000000000,15.511000000000,16.089000000000
735781.269444444450,0.577000000000,21.624000000000,22.201000000000
735781.270138888850,0.579000000000,21.660000000000,22.239000000000
735781.270833333370,0.579000000000,21.868000000000,22.447000000000
735781.271527777780,0.625000000000,22.046000000000,22.671000000000
735781.272222222180,0.631000000000,24.499000000000,25.131000000000
735781.272916666700,0.637000000000,25.484000000000,26.121000000000
735781.273611111100,0.665000000000,23.301000000000,23.967000000000
735781.274305555500,0.709000000000,19.819000000000,20.528000000000
735781.275000000020,0.698000000000,22.204000000000,22.902000000000
735781.275694444430,0.687000000000,20.057000000000,20.744000000000
735781.276388888950,0.608000000000,16.736000000000,17.343000000000
735781.277083333350,0.699000000000,14.488000000000,15.188000000000
735781.277777777750,0.748000000000,13.450000000000,14.198000000000
735781.278472222270,0.819000000000,13.249000000000,14.069000000000
735781.279166666670,0.796000000000,12.004000000000,12.800000000000
735781.279861111080,0.747000000000,8.799000000000,9.546000000000
735781.280555555600,0.764000000000,7.332000000000,8.097000000000
735781.281250000000,0.775000000000,6.488000000000,7.263000000000
735781.281944444400,0.761000000000,7.934000000000,8.696000000000
735781.282638888920,0.772000000000,6.950000000000,7.722000000000
735781.283333333330,0.785000000000,7.002000000000,7.787000000000
735781.284027777730,0.805000000000,7.044000000000,7.849000000000
735781.284722222250,0.818000000000,6.990000000000,7.808000000000
735781.285416666650,0.822000000000,10.291000000000,11.112000000000
735781.286111111050,0.841000000000,11.805000000000,12.646000000000
735781.286805555570,0.843000000000,11.143000000000,11.986000000000
735781.287499999980,0.845000000000,14.058000000000,14.903000000000
735781.288194444500,0.861000000000,15.775000000000,16.636000000000
735781.288888888900,0.874000000000,16.752000000000,17.626000000000
735781.289583333300,0.886000000000,16.596000000000,17.482000000000
735781.290277777820,0.899000000000,17.358000000000,18.257000000000
735781.290972222220,0.899000000000,19.887000000000,20.786000000000
735781.291666666630,0.914000000000,21.092000000000,22.007000000000
735781.292361111150,0.928000000000,18.841000000000,19.769000000000
735781.293055555550,0.933000000000,17.952000000000,18.885000000000
735781.293749999950,0.947000000000,15.362000000000,16.309000000000
735781.294444444470,0.956000000000,14.178000000000,15.135000000000
735781.295138888880,0.969000000000,13.315000000000,14.284000000000
735781.295833333280,0.979000000000,12.637000000000,13.616000000000
735781.296527777800,0.994000000000,9.880000000000,10.874000000000
735781.297222222200,1.007000000000,9.845000000000,10.852000000000
735781.297916666720,1.015000000000,9.824000000000,10.839000000000
735781.298611111120,1.024000000000,9.774000000000,10.798000000000
735781.299305555530,1.040000000000,9.387000000000,10.427000000000
735781.300000000050,1.065000000000,9.344000000000,10.409000000000
735781.300694444450,1.078000000000,9.391000000000,10.469000000000
735781.301388888850,1.091000000000,9.332000000000,10.422000000000
735781.302083333370,1.134000000000,11.354000000000,12.488000000000
735781.302777777780,1.155000000000,11.914000000000,13.069000000000
735781.303472222180,1.182000000000,11.837000000000,13.019000000000
735781.304166666700,1.181000000000,17.199000000000,18.380000000000
735781.304861111100,1.202000000000,16.399000000000,17.601000000000
735781.305555555500,1.174000000000,16.848000000000,18.022000000000
735781.306250000020,1.218000000000,16.715000000000,17.933000000000
735781.306944444430,1.224000000000,16.942000000000,18.166000000000
735781.307638888950,1.231000000000,17.110000000000,18.340000000000
735781.308333333350,1.303000000000,16.859000000000,18.162000000000
735781.309027777750,1.332000000000,15.789000000000,17.121000000000
735781.309722222270,1.350000000000,15.839000000000,17.189000000000
735781.310416666670,1.371000000000,13.460000000000,14.830000000000
735781.311111111080,1.381000000000,10.833000000000,12.214000000000
735781.311805555600,1.403000000000,9.324000000000,10.727000000000
735781.312500000000,1.426000000000,9.329000000000,10.755000000000
735781.313194444400,1.436000000000,9.533000000000,10.969000000000
735781.313888888920,1.445000000000,10.497000000000,11.942000000000
735781.314583333330,1.462000000000,10.861000000000,12.323000000000
735781.315277777730,1.481000000000,10.867000000000,12.348000000000
735781.315972222250,1.497000000000,10.519000000000,12.016000000000
735781.316666666650,1.517000000000,10.643000000000,12.160000000000
735781.317361111050,1.542000000000,10.645000000000,12.188000000000
735781.318055555570,1.557000000000,10.378000000000,11.934000000000
735781.318749999980,1.564000000000,13.322000000000,14.887000000000
735781.319444444500,1.584000000000,14.378000000000,15.963000000000
735781.320138888900,1.611000000000,16.149000000000,17.760000000000
735781.320833333300,1.630000000000,19.140000000000,20.770000000000
735781.321527777820,1.635000000000,19.293000000000,20.928000000000
735781.322222222220,1.664000000000,19.759000000000,21.423000000000
735781.322916666630,1.652000000000,19.484000000000,21.135000000000
735781.323611111150,1.687000000000,15.516000000000,17.203000000000
735781.324305555550,1.711000000000,16.191000000000,17.902000000000
735781.324999999950,1.729000000000,15.866000000000,17.595000000000
735781.325694444470,1.753000000000,13.693000000000,15.446000000000
735781.326388888880,1.782000000000,12.602000000000,14.385000000000
735781.327083333280,1.752000000000,10.941000000000,12.693000000000
735781.327777777800,1.779000000000,9.696000000000,11.475000000000
735781.328472222200,1.808000000000,8.162000000000,9.970000000000
735781.329166666720,1.814000000000,8.753000000000,10.567000000000
735781.329861111120,1.871000000000,9.807000000000,11.678000000000
735781.330555555530,1.887000000000,12.065000000000,13.952000000000
735781.331250000050,1.905000000000,15.956000000000,17.861000000000
735781.331944444450,1.920000000000,17.647000000000,19.567000000000
735781.332638888850,1.931000000000,22.262000000000,24.192000000000
735781.333333333370,1.928000000000,27.001000000000,28.929000000000
735781.334027777780,1.971000000000,26.272000000000,28.243000000000
735781.334722222180,1.988000000000,26.326000000000,28.315000000000
735781.335416666700,1.997000000000,27.380000000000,29.378000000000
735781.336111111100,2.023000000000,25.456000000000,27.479000000000
735781.336805555500,2.035000000000,28.088000000000,30.123000000000
735781.337500000020,2.044000000000,27.949000000000,29.992000000000
735781.338194444430,2.059000000000,27.250000000000,29.309000000000
735781.338888888950,2.078000000000,26.983000000000,29.061000000000
735781.339583333350,2.095000000000,26.888000000000,28.982000000000
735781.340277777750,2.101000000000,24.013000000000,26.114000000000
735781.340972222270,2.124000000000,23.820000000000,25.944000000000
735781.341666666670,2.156000000000,23.954000000000,26.110000000000
735781.342361111080,2.148000000000,23.962000000000,26.111000000000
735781.343055555600,2.181000000000,21.995000000000,24.176000000000
735781.343750000000,2.156000000000,18.601000000000,20.757000000000
735781.344444444400,2.161000000000,15.681000000000,17.841000000000
735781.345138888920,2.181000000000,13.561000000000,15.741000000000
735781.345833333330,2.199000000000,13.340000000000,15.539000000000
735781.346527777730,2.216000000000,13.318000000000,15.534000000000
735781.347222222250,2.206000000000,12.989000000000,15.194000000000
735781.347916666650,2.279000000000,10.803000000000,13.082000000000
735781.348611111050,2.147000000000,9.660000000000,11.807000000000
735781.349305555570,2.072000000000,12.100000000000,14.172000000000
735781.349999999980,2.143000000000,11.706000000000,13.849000000000
735781.350694444500,2.221000000000,11.714000000000,13.935000000000
735781.351388888900,2.262000000000,11.519000000000,13.781000000000
735781.352083333300,2.099000000000,17.150000000000,19.249000000000
735781.352777777820,2.307000000000,22.034000000000,24.341000000000
735781.353472222220,2.315000000000,22.920000000000,25.234000000000
735781.354166666630,2.310000000000,21.357000000000,23.668000000000
735781.354861111150,2.259000000000,21.215000000000,23.474000000000
735781.355555555550,2.285000000000,23.204000000000,25.489000000000
735781.356249999950,2.426000000000,23.611000000000,26.037000000000
735781.356944444470,2.446000000000,23.780000000000,26.226000000000
735781.357638888880,2.494000000000,22.983000000000,25.477000000000
735781.358333333280,2.482000000000,27.899000000000,30.380000000000
735781.359027777800,2.522000000000,28.436000000000,30.958000000000
735781.359722222200,2.526000000000,26.163000000000,28.689000000000
735781.360416666720,2.389000000000,25.156000000000,27.545000000000
735781.361111111120,2.105000000000,24.616000000000,26.721000000000
735781.361805555530,1.866000000000,20.537000000000,22.403000000000
735781.362500000050,2.119000000000,17.607000000000,19.726000000000
735781.363194444450,2.105000000000,13.396000000000,15.501000000000
735781.363888888850,2.659000000000,12.294000000000,14.953000000000
735781.364583333370,2.797000000000,11.764000000000,14.561000000000
735781.365277777780,2.770000000000,11.711000000000,14.480000000000
735781.365972222180,2.642000000000,11.996000000000,14.638000000000
735781.366666666700,2.595000000000,12.033000000000,14.628000000000
735781.367361111100,2.806000000000,14.740000000000,17.546000000000
735781.368055555500,2.864000000000,15.889000000000,18.754000000000
735781.368750000020,2.832000000000,15.998000000000,18.829000000000
735781.369444444430,2.859000000000,17.072000000000,19.931000000000
735781.370138888950,2.849000000000,19.423000000000,22.273000000000
735781.370833333350,2.877000000000,21.323000000000,24.200000000000
735781.371527777750,2.873000000000,21.166000000000,24.039000000000
735781.372222222270,2.822000000000,22.360000000000,25.181000000000
735781.372916666670,2.639000000000,25.828000000000,28.467000000000
735781.373611111080,2.385000000000,26.277000000000,28.663000000000
735781.374305555600,2.163000000000,25.545000000000,27.708000000000
735781.375000000000,2.111000000000,19.906000000000,22.017000000000
735781.375694444400,1.790000000000,18.301000000000,20.092000000000
735781.376388888920,2.316000000000,16.625000000000,18.941000000000
735781.377083333330,2.660000000000,16.421000000000,19.080000000000
735781.377777777730,2.676000000000,14.435000000000,17.111000000000
735781.378472222250,2.263000000000,12.790000000000,15.053000000000
735781.379166666650,2.340000000000,11.790000000000,14.129000000000
735781.379861111050,2.758000000000,11.365000000000,14.124000000000
735781.380555555570,2.768000000000,8.697000000000,11.464000000000
735781.381249999980,2.720000000000,8.166000000000,10.887000000000
735781.381944444500,2.765000000000,7.400000000000,10.165000000000
735781.382638888900,2.871000000000,10.023000000000,12.894000000000
735781.383333333300,2.808000000000,14.936000000000,17.744000000000
735781.384027777820,2.946000000000,18.026000000000,20.972000000000
735781.384722222220,2.733000000000,17.691000000000,20.424000000000
735781.385416666630,2.884000000000,19.847000000000,22.731000000000
735781.386111111150,2.913000000000,21.243000000000,24.156000000000
735781.386805555550,3.077000000000,19.842000000000,22.919000000000
735781.387499999950,3.153000000000,21.688000000000,24.841000000000
735781.388194444470,3.283000000000,22.685000000000,25.968000000000
735781.388888888880,3.252000000000,22.817000000000,26.069000000000
735781.389583333280,3.395000000000,23.891000000000,27.286000000000
735781.390277777800,3.410000000000,21.266000000000,24.676000000000
735781.390972222200,3.259000000000,18.282000000000,21.541000000000
735781.391666666720,2.983000000000,17.535000000000,20.518000000000
735781.392361111120,3.137000000000,13.398000000000,16.535000000000
735781.393055555530,3.520000000000,12.349000000000,15.869000000000
735781.393750000050,3.473000000000,11.378000000000,14.851000000000
735781.394444444450,3.506000000000,10.443000000000,13.949000000000
735781.395138888850,3.488000000000,13.418000000000,16.905000000000
735781.395833333370,3.444000000000,13.247000000000,16.692000000000
735781.396527777780,3.515000000000,12.938000000000,16.453000000000
735781.397222222180,3.429000000000,11.557000000000,14.986000000000
735781.397916666700,3.530000000000,13.301000000000,16.831000000000
735781.398611111100,3.534000000000,12.300000000000,15.834000000000
735781.399305555500,3.574000000000,12.168000000000,15.742000000000
735781.400000000020,3.582000000000,13.983000000000,17.565000000000
735781.400694444430,3.558000000000,13.169000000000,16.727000000000
735781.401388888950,3.574000000000,12.338000000000,15.913000000000
735781.402083333350,3.562000000000,16.347000000000,19.909000000000
735781.402777777750,3.559000000000,16.440000000000,19.999000000000
735781.403472222270,3.568000000000,17.846000000000,21.414000000000
735781.404166666670,3.572000000000,21.010000000000,24.581000000000
735781.404861111080,3.561000000000,21.092000000000,24.654000000000
735781.405555555600,3.548000000000,21.201000000000,24.749000000000
735781.406250000000,3.553000000000,20.067000000000,23.619000000000
735781.406944444400,3.575000000000,18.414000000000,21.989000000000
735781.407638888920,3.584000000000,16.079000000000,19.663000000000
735781.408333333330,3.605000000000,12.866000000000,16.471000000000
735781.409027777730,3.609000000000,10.759000000000,14.368000000000
735781.409722222250,3.619000000000,9.951000000000,13.570000000000
735781.410416666650,3.626000000000,10.632000000000,14.258000000000
735781.411111111050,3.617000000000,13.775000000000,17.392000000000
735781.411805555570,3.611000000000,12.639000000000,16.251000000000
735781.412499999980,3.587000000000,10.544000000000,14.132000000000
735781.413194444500,3.623000000000,10.366000000000,13.989000000000
735781.413888888900,3.636000000000,14.231000000000,17.867000000000
735781.414583333300,3.621000000000,14.242000000000,17.863000000000
735781.415277777820,3.666000000000,14.876000000000,18.542000000000
735781.415972222220,3.680000000000,13.256000000000,16.936000000000
735781.416666666630,3.675000000000,10.705000000000,14.380000000000
735781.417361111150,3.701000000000,14.201000000000,17.902000000000
735781.418055555550,3.701000000000,19.948000000000,23.649000000000
735781.418749999950,3.757000000000,21.960000000000,25.717000000000
735781.419444444470,3.761000000000,22.495000000000,26.256000000000
735781.420138888880,3.752000000000,24.583000000000,28.336000000000
735781.420833333280,3.737000000000,26.846000000000,30.584000000000
735781.421527777800,3.745000000000,26.309000000000,30.054000000000
735781.422222222200,3.755000000000,25.003000000000,28.758000000000
735781.422916666720,3.758000000000,19.259000000000,23.017000000000
735781.423611111120,3.760000000000,26.593000000000,30.352000000000
735781.424305555530,3.751000000000,25.893000000000,29.644000000000
735781.425000000050,3.775000000000,26.440000000000,30.215000000000
735781.425694444450,3.760000000000,20.324000000000,24.085000000000
735781.426388888850,3.782000000000,16.070000000000,19.853000000000
735781.427083333370,3.794000000000,13.837000000000,17.631000000000
735781.427777777780,3.804000000000,13.271000000000,17.075000000000
735781.428472222180,3.802000000000,12.545000000000,16.347000000000
735781.429166666700,3.843000000000,9.614000000000,13.457000000000
735781.429861111100,3.837000000000,14.152000000000,17.990000000000
735781.430555555500,3.847000000000,14.616000000000,18.463000000000
735781.431250000020,3.866000000000,17.402000000000,21.268000000000
735781.431944444430,3.893000000000,18.777000000000,22.670000000000
735781.432638888950,3.870000000000,21.618000000000,25.488000000000
735781.433333333350,3.864000000000,21.670000000000,25.534000000000
735781.434027777750,3.873000000000,25.569000000000,29.442000000000
735781.434722222270,3.871000000000,26.013000000000,29.884000000000
735781.435416666670,3.895000000000,21.186000000000,25.081000000000
735781.436111111080,3.897000000000,19.421000000000,23.318000000000
735781.436805555600,3.907000000000,19.050000000000,22.957000000000
735781.437500000000,3.925000000000,16.462000000000,20.387000000000
735781.438194444400,3.927000000000,20.166000000000,24.093000000000
735781.438888888920,3.958000000000,18.601000000000,22.559000000000
735781.439583333330,3.978000000000,18.487000000000,22.465000000000
735781.440277777730,3.983000000000,18.310000000000,22.293000000000
735781.440972222250,3.977000000000,16.226000000000,20.204000000000
735781.441666666650,3.981000000000,11.590000000000,15.571000000000
735781.442361111050,3.987000000000,7.003000000000,10.990000000000
735781.443055555570,3.999000000000,6.200000000000,10.199000000000
735781.443749999980,3.980000000000,5.933000000000,9.913000000000
735781.444444444500,3.958000000000,5.940000000000,9.899000000000
735781.445138888900,3.994000000000,5.680000000000,9.674000000000
735781.445833333300,3.988000000000,5.734000000000,9.722000000000
735781.446527777820,3.987000000000,8.284000000000,12.271000000000
735781.447222222220,4.017000000000,12.899000000000,16.916000000000
735781.447916666630,4.000000000000,15.722000000000,19.722000000000
735781.448611111150,4.008000000000,17.431000000000,21.439000000000
735781.449305555550,4.013000000000,21.741000000000,25.754000000000
735781.449999999950,4.027000000000,25.782000000000,29.809000000000
735781.450694444470,4.024000000000,24.781000000000,28.804000000000
735781.451388888880,4.022000000000,22.551000000000,26.574000000000
735781.452083333280,3.948000000000,23.219000000000,27.167000000000
735781.452777777800,3.915000000000,27.150000000000,31.065000000000
735781.453472222200,4.049000000000,29.176000000000,33.225000000000
735781.454166666720,4.042000000000,33.229000000000,37.271000000000
735781.454861111120,4.013000000000,30.832000000000,34.845000000000
735781.455555555530,4.056000000000,26.424000000000,30.480000000000
735781.456250000050,4.066000000000,29.862000000000,33.929000000000
735781.456944444450,4.035000000000,21.789000000000,25.824000000000
735781.457638888850,4.001000000000,23.253000000000,27.255000000000
735781.458333333370,4.054000000000,17.752000000000,21.806000000000
735781.459027777780,4.074000000000,20.080000000000,24.155000000000
735781.459722222180,4.130000000000,16.217000000000,20.347000000000
735781.460416666700,4.135000000000,17.682000000000,21.817000000000
735781.461111111100,4.108000000000,19.617000000000,23.725000000000
735781.461805555500,4.180000000000,20.466000000000,24.647000000000
735781.462500000020,4.194000000000,22.473000000000,26.668000000000
735781.463194444430,4.191000000000,17.819000000000,22.010000000000
735781.463888888950,4.176000000000,26.519000000000,30.696000000000
735781.464583333350,4.200000000000,23.063000000000,27.263000000000
735781.465277777750,4.203000000000,28.926000000000,33.129000000000
735781.465972222270,4.206000000000,23.541000000000,27.748000000000
735781.466666666670,4.210000000000,23.520000000000,27.731000000000
735781.467361111080,4.238000000000,23.970000000000,28.208000000000
735781.468055555600,4.235000000000,28.536000000000,32.770000000000
735781.468750000000,4.214000000000,24.547000000000,28.761000000000
735781.469444444400,4.195000000000,21.427000000000,25.622000000000
735781.470138888920,4.219000000000,25.206000000000,29.426000000000
735781.470833333330,4.196000000000,19.568000000000,23.764000000000
735781.471527777730,4.191000000000,24.253000000000,28.444000000000
735781.472222222250,4.225000000000,17.399000000000,21.624000000000
735781.472916666650,4.218000000000,17.156000000000,21.375000000000
735781.473611111050,4.206000000000,18.420000000000,22.626000000000
735781.474305555570,4.214000000000,11.032000000000,15.246000000000
735781.474999999980,4.231000000000,10.547000000000,14.778000000000
735781.475694444500,4.241000000000,13.076000000000,17.317000000000
735781.476388888900,4.262000000000,15.319000000000,19.580000000000
735781.477083333300,4.279000000000,15.122000000000,19.401000000000
735781.477777777820,4.279000000000,15.643000000000,19.922000000000
735781.478472222220,4.277000000000,19.472000000000,23.749000000000
735781.479166666630,4.280000000000,21.144000000000,25.424000000000
735781.479861111150,4.279000000000,22.699000000000,26.978000000000
735781.480555555550,4.250000000000,22.292000000000,26.542000000000
735781.481249999950,4.272000000000,19.754000000000,24.026000000000
735781.481944444470,4.293000000000,18.427000000000,22.720000000000
735781.482638888880,4.291000000000,22.757000000000,27.048000000000
735781.483333333280,4.285000000000,26.450000000000,30.735000000000
735781.484027777800,4.222000000000,26.902000000000,31.125000000000
735781.484722222200,4.255000000000,26.413000000000,30.668000000000
735781.485416666720,4.281000000000,26.071000000000,30.352000000000
735781.486111111120,4.260000000000,23.805000000000,28.065000000000
735781.486805555530,4.257000000000,20.177000000000,24.434000000000
735781.487500000050,4.259000000000,17.757000000000,22.016000000000
735781.488194444450,4.050000000000,13.586000000000,17.636000000000
735781.488888888850,4.099000000000,11.603000000000,15.702000000000
735781.489583333370,3.707000000000,12.333000000000,16.040000000000
735781.490277777780,3.909000000000,15.578000000000,19.487000000000
735781.490972222180,4.262000000000,19.902000000000,24.165000000000
735781.491666666700,4.283000000000,20.165000000000,24.448000000000
735781.492361111100,4.271000000000,23.322000000000,27.593000000000
735781.493055555500,4.309000000000,24.101000000000,28.410000000000
735781.493750000020,4.299000000000,26.567000000000,30.866000000000
735781.494444444430,4.288000000000,28.832000000000,33.119000000000
735781.495138888950,4.299000000000,29.373000000000,33.671000000000
735781.495833333350,4.302000000000,27.580000000000,31.883000000000
735781.496527777750,4.292000000000,25.988000000000,30.280000000000
735781.497222222270,4.276000000000,25.867000000000,30.143000000000
735781.497916666670,4.291000000000,24.007000000000,28.298000000000
735781.498611111080,4.311000000000,23.632000000000,27.942000000000
735781.499305555600,4.309000000000,24.310000000000,28.619000000000
735781.500000000000,4.320000000000,24.009000000000,28.329000000000
735781.500694444400,4.293000000000,18.893000000000,23.186000000000
735781.501388888920,4.275000000000,15.740000000000,20.014000000000
735781.502083333330,4.268000000000,13.037000000000,17.305000000000
735781.502777777730,4.270000000000,11.507000000000,15.777000000000
735781.503472222250,4.271000000000,10.670000000000,14.941000000000
735781.504166666650,4.255000000000,11.467000000000,15.722000000000
735781.504861111050,4.248000000000,11.537000000000,15.785000000000
735781.505555555570,4.246000000000,13.249000000000,17.495000000000
735781.506249999980,4.252000000000,16.310000000000,20.562000000000
735781.506944444500,4.264000000000,20.649000000000,24.913000000000
735781.507638888900,4.256000000000,21.938000000000,26.193000000000
735781.508333333300,4.245000000000,23.111000000000,27.356000000000
735781.509027777820,4.230000000000,25.024000000000,29.254000000000
735781.509722222220,4.241000000000,24.495000000000,28.736000000000
735781.510416666630,4.258000000000,25.582000000000,29.840000000000
735781.511111111150,4.227000000000,27.517000000000,31.744000000000
735781.511805555550,4.239000000000,28.415000000000,32.655000000000
735781.512499999950,4.234000000000,26.769000000000,31.002000000000
735781.513194444470,4.246000000000,29.010000000000,33.256000000000
735781.513888888880,4.268000000000,27.327000000000,31.594000000000
735781.514583333280,4.265000000000,26.488000000000,30.753000000000
735781.515277777800,4.230000000000,23.001000000000,27.231000000000
735781.515972222200,4.227000000000,22.185000000000,26.412000000000
735781.516666666720,4.247000000000,17.539000000000,21.786000000000
735781.517361111120,4.249000000000,18.585000000000,22.834000000000
735781.518055555530,4.264000000000,19.119000000000,23.383000000000
735781.518750000050,4.279000000000,20.084000000000,24.364000000000
735781.519444444450,4.276000000000,19.586000000000,23.862000000000
735781.520138888850,4.284000000000,19.576000000000,23.860000000000
735781.520833333370,4.275000000000,23.508000000000,27.783000000000
735781.521527777780,4.262000000000,24.890000000000,29.152000000000
735781.522222222180,4.251000000000,24.060000000000,28.311000000000
735781.522916666700,4.261000000000,23.462000000000,27.723000000000
735781.523611111100,4.274000000000,24.039000000000,28.313000000000
735781.524305555500,4.279000000000,27.471000000000,31.749000000000
735781.525000000020,4.269000000000,27.983000000000,32.252000000000
735781.525694444430,4.264000000000,27.793000000000,32.058000000000
735781.526388888950,4.245000000000,29.016000000000,33.261000000000
735781.527083333350,4.232000000000,31.888000000000,36.119000000000
735781.527777777750,4.238000000000,27.229000000000,31.467000000000
735781.528472222270,4.237000000000,24.605000000000,28.842000000000
735781.529166666670,4.246000000000,23.735000000000,27.981000000000
735781.529861111080,4.239000000000,22.903000000000,27.142000000000
735781.530555555600,4.230000000000,21.719000000000,25.949000000000
735781.531250000000,4.227000000000,19.500000000000,23.727000000000
735781.531944444400,4.205000000000,18.585000000000,22.789000000000
735781.532638888920,4.214000000000,18.847000000000,23.061000000000
735781.533333333330,4.214000000000,16.613000000000,20.827000000000
735781.534027777730,4.214000000000,18.614000000000,22.828000000000
735781.534722222250,4.227000000000,15.852000000000,20.079000000000
735781.535416666650,4.240000000000,15.012000000000,19.252000000000
735781.536111111050,4.246000000000,14.408000000000,18.654000000000
735781.536805555570,4.244000000000,16.055000000000,20.299000000000
735781.537499999980,4.229000000000,19.741000000000,23.970000000000
735781.538194444500,4.246000000000,22.184000000000,26.430000000000
735781.538888888900,4.231000000000,24.598000000000,28.829000000000
735781.539583333300,4.212000000000,25.959000000000,30.171000000000
735781.540277777820,4.191000000000,25.326000000000,29.517000000000
735781.540972222220,4.166000000000,25.359000000000,29.524000000000
735781.541666666630,4.171000000000,25.321000000000,29.492000000000
735781.542361111150,4.181000000000,25.061000000000,29.242000000000
735781.543055555550,4.177000000000,25.427000000000,29.604000000000
735781.543749999950,4.170000000000,22.488000000000,26.658000000000
735781.544444444470,4.172000000000,21.314000000000,25.486000000000
735781.545138888880,4.167000000000,17.781000000000,21.948000000000
735781.545833333280,4.175000000000,17.569000000000,21.744000000000
735781.546527777800,4.182000000000,17.317000000000,21.499000000000
735781.547222222200,4.163000000000,15.422000000000,19.585000000000
735781.547916666720,4.170000000000,13.478000000000,17.649000000000
735781.548611111120,4.172000000000,11.754000000000,15.926000000000
735781.549305555530,4.169000000000,12.604000000000,16.773000000000
735781.550000000050,4.165000000000,10.770000000000,14.935000000000
735781.550694444450,4.155000000000,10.451000000000,14.607000000000
735781.551388888850,4.151000000000,10.275000000000,14.426000000000
735781.552083333370,4.152000000000,9.977000000000,14.128000000000
735781.552777777780,4.152000000000,12.669000000000,16.822000000000
735781.553472222180,4.164000000000,17.192000000000,21.355000000000
735781.554166666700,4.140000000000,19.025000000000,23.166000000000
735781.554861111100,4.181000000000,18.895000000000,23.075000000000
735781.555555555500,4.190000000000,24.640000000000,28.830000000000
735781.556250000020,4.194000000000,22.961000000000,27.156000000000
735781.556944444430,4.193000000000,22.129000000000,26.322000000000
735781.557638888950,4.217000000000,21.911000000000,26.128000000000
735781.558333333350,3.569000000000,22.533000000000,26.101000000000
735781.559027777750,4.295000000000,21.583000000000,25.878000000000
735781.559722222270,1.858000000000,19.130000000000,20.987000000000
735781.560416666670,3.568000000000,14.089000000000,17.657000000000
735781.561111111080,4.308000000000,12.357000000000,16.666000000000
735781.561805555600,4.326000000000,16.119000000000,20.446000000000
735781.562500000000,4.334000000000,16.426000000000,20.760000000000
735781.563194444400,4.314000000000,16.439000000000,20.754000000000
735781.563888888920,4.254000000000,18.109000000000,22.363000000000
735781.564583333330,4.186000000000,16.172000000000,20.357000000000
735781.565277777730,4.140000000000,13.658000000000,17.798000000000
735781.565972222250,4.138000000000,12.965000000000,17.104000000000
735781.566666666650,4.157000000000,15.883000000000,20.040000000000
735781.567361111050,4.168000000000,16.108000000000,20.276000000000
735781.568055555570,4.189000000000,16.248000000000,20.437000000000
735781.568749999980,4.215000000000,20.594000000000,24.809000000000
735781.569444444500,4.242000000000,19.503000000000,23.745000000000
735781.570138888900,3.943000000000,21.024000000000,24.968000000000
735781.570833333300,2.874000000000,23.661000000000,26.535000000000
735781.571527777820,3.204000000000,23.482000000000,26.685000000000
735781.572222222220,2.992000000000,23.552000000000,26.544000000000
735781.572916666630,4.268000000000,22.520000000000,26.788000000000
735781.573611111150,4.365000000000,22.485000000000,26.850000000000
735781.574305555550,4.327000000000,25.156000000000,29.483000000000
735781.574999999950,4.369000000000,26.448000000000,30.817000000000
735781.575694444470,3.281000000000,26.644000000000,29.925000000000
735781.576388888880,3.785000000000,23.765000000000,27.550000000000
735781.577083333280,4.068000000000,26.921000000000,30.989000000000
735781.577777777800,4.146000000000,26.700000000000,30.846000000000
735781.578472222200,4.191000000000,25.208000000000,29.399000000000
735781.579166666720,2.506000000000,24.539000000000,27.046000000000
735781.579861111120,1.029000000000,25.770000000000,26.799000000000
735781.580555555530,0.899000000000,26.784000000000,27.682000000000
735781.581250000050,3.194000000000,18.782000000000,21.976000000000
735781.581944444450,4.264000000000,11.636000000000,15.900000000000
735781.582638888850,4.224000000000,9.832000000000,14.056000000000
735781.583333333370,4.233000000000,9.375000000000,13.608000000000
735781.584027777780,4.211000000000,9.289000000000,13.501000000000
735781.584722222180,3.158000000000,15.659000000000,18.817000000000
735781.585416666700,3.675000000000,16.952000000000,20.626000000000
735781.586111111100,4.296000000000,16.560000000000,20.856000000000
735781.586805555500,4.239000000000,16.610000000000,20.849000000000
735781.587500000020,4.144000000000,19.348000000000,23.493000000000
735781.588194444430,4.102000000000,22.143000000000,26.244000000000
735781.588888888950,4.088000000000,25.815000000000,29.903000000000
735781.589583333350,4.070000000000,25.998000000000,30.068000000000
735781.590277777750,4.050000000000,29.943000000000,33.993000000000
735781.590972222270,2.257000000000,31.634000000000,33.891000000000
735781.591666666670,0.831000000000,33.198000000000,34.028000000000
735781.592361111080,0.835000000000,33.190000000000,34.025000000000
735781.593055555600,0.987000000000,31.772000000000,32.759000000000
735781.593750000000,2.526000000000,27.165000000000,29.692000000000
735781.594444444400,3.320000000000,25.662000000000,28.982000000000
735781.595138888920,3.670000000000,25.291000000000,28.962000000000
735781.595833333330,4.181000000000,24.860000000000,29.041000000000
735781.596527777730,4.167000000000,24.954000000000,29.121000000000
735781.597222222250,4.146000000000,24.644000000000,28.790000000000
735781.597916666650,4.092000000000,22.145000000000,26.237000000000
735781.598611111050,4.040000000000,24.951000000000,28.991000000000
735781.599305555570,4.006000000000,16.683000000000,20.689000000000
735781.599999999980,2.739000000000,15.868000000000,18.606000000000
735781.600694444500,1.715000000000,16.063000000000,17.778000000000
735781.601388888900,0.904000000000,16.446000000000,17.350000000000
735781.602083333300,0.870000000000,20.242000000000,21.113000000000
735781.602777777820,0.930000000000,20.390000000000,21.320000000000
735781.603472222220,2.437000000000,18.952000000000,21.389000000000
735781.604166666630,4.086000000000,17.549000000000,21.635000000000
735781.604861111150,4.070000000000,21.509000000000,25.579000000000
735781.605555555550,4.017000000000,23.344000000000,27.361000000000
735781.606249999950,4.063000000000,25.845000000000,29.908000000000
735781.606944444470,4.033000000000,25.875000000000,29.908000000000
735781.607638888880,4.002000000000,25.887000000000,29.890000000000
735781.608333333280,3.970000000000,25.788000000000,29.758000000000
735781.609027777800,3.907000000000,26.698000000000,30.605000000000
735781.609722222200,3.885000000000,30.361000000000,34.246000000000
735781.610416666720,3.835000000000,30.556000000000,34.391000000000
735781.611111111120,3.826000000000,30.803000000000,34.629000000000
735781.611805555530,3.812000000000,28.252000000000,32.064000000000
735781.612500000050,3.734000000000,29.454000000000,33.188000000000
735781.613194444450,3.659000000000,26.921000000000,30.580000000000
735781.613888888850,3.408000000000,26.903000000000,30.311000000000
735781.614583333370,0.681000000000,29.255000000000,29.936000000000
735781.615277777780,0.709000000000,29.162000000000,29.871000000000
735781.615972222180,0.673000000000,29.262000000000,29.935000000000
735781.616666666700,0.615000000000,29.273000000000,29.888000000000
735781.617361111100,0.949000000000,30.706000000000,31.656000000000
735781.618055555500,3.611000000000,26.005000000000,29.616000000000
735781.618750000020,1.898000000000,26.327000000000,28.225000000000
735781.619444444430,2.711000000000,24.513000000000,27.224000000000
735781.620138888950,2.827000000000,24.318000000000,27.145000000000
735781.620833333350,3.504000000000,28.027000000000,31.531000000000
735781.621527777750,3.521000000000,30.785000000000,34.306000000000
735781.622222222270,3.519000000000,31.667000000000,35.185000000000
735781.622916666670,3.525000000000,33.461000000000,36.986000000000
735781.623611111080,3.549000000000,33.781000000000,37.330000000000
735781.624305555600,3.546000000000,37.968000000000,41.514000000000
735781.625000000000,3.505000000000,38.113000000000,41.618000000000
735781.625694444400,1.729000000000,44.075000000000,45.804000000000
735781.626388888920,2.981000000000,43.008000000000,45.989000000000
735781.627083333330,3.611000000000,42.392000000000,46.003000000000
735781.627777777730,1.512000000000,44.700000000000,46.212000000000
735781.628472222250,1.062000000000,45.610000000000,46.673000000000
735781.629166666650,1.102000000000,45.438000000000,46.541000000000
735781.629861111050,1.236000000000,48.702000000000,49.939000000000
735781.630555555570,1.920000000000,46.542000000000,48.462000000000
735781.631249999980,3.605000000000,39.160000000000,42.765000000000
735781.631944444500,3.555000000000,35.127000000000,38.682000000000
735781.632638888900,1.729000000000,36.260000000000,37.989000000000
735781.633333333300,0.909000000000,36.894000000000,37.804000000000
735781.634027777820,0.788000000000,34.767000000000,35.555000000000
735781.634722222220,0.696000000000,32.294000000000,32.990000000000
735781.635416666630,0.672000000000,32.846000000000,33.517000000000
735781.636111111150,2.479000000000,34.437000000000,36.916000000000
735781.636805555550,3.216000000000,33.497000000000,36.713000000000
735781.637499999950,3.178000000000,33.377000000000,36.555000000000
735781.638194444470,3.193000000000,30.722000000000,33.915000000000
735781.638888888880,3.206000000000,30.118000000000,33.323000000000
735781.639583333280,3.208000000000,32.874000000000,36.081000000000
735781.640277777800,3.180000000000,37.503000000000,40.683000000000
735781.640972222200,3.158000000000,35.434000000000,38.592000000000
735781.641666666720,3.148000000000,40.542000000000,43.690000000000
735781.642361111120,3.139000000000,43.831000000000,46.970000000000
735781.643055555530,3.104000000000,44.308000000000,47.412000000000
735781.643750000050,2.992000000000,43.636000000000,46.628000000000
735781.644444444450,2.760000000000,46.954000000000,49.713000000000
735781.645138888850,2.002000000000,47.720000000000,49.721000000000
735781.645833333370,0.743000000000,46.406000000000,47.149000000000
735781.646527777780,0.679000000000,46.105000000000,46.783000000000
735781.647222222180,0.698000000000,48.079000000000,48.777000000000
735781.647916666700,1.559000000000,46.990000000000,48.550000000000
735781.648611111100,1.156000000000,45.682000000000,46.838000000000
735781.649305555500,2.629000000000,39.635000000000,42.264000000000
735781.650000000020,3.141000000000,41.296000000000,44.437000000000
735781.650694444430,3.129000000000,39.156000000000,42.285000000000
735781.651388888950,3.103000000000,37.125000000000,40.228000000000
735781.652083333350,3.027000000000,35.188000000000,38.215000000000
735781.652777777750,2.880000000000,34.861000000000,37.742000000000
735781.653472222270,1.115000000000,37.135000000000,38.250000000000
735781.654166666670,0.730000000000,36.850000000000,37.580000000000
735781.654861111080,0.877000000000,32.481000000000,33.358000000000
735781.655555555600,0.674000000000,35.605000000000,36.278000000000
735781.656250000000,0.660000000000,35.997000000000,36.656000000000
735781.656944444400,2.264000000000,38.080000000000,40.344000000000
735781.657638888920,2.758000000000,36.783000000000,39.541000000000
735781.658333333330,2.725000000000,33.093000000000,35.818000000000
735781.659027777730,2.721000000000,33.131000000000,35.852000000000
735781.659722222250,2.705000000000,32.340000000000,35.046000000000
735781.660416666650,2.632000000000,28.955000000000,31.587000000000
735781.661111111050,2.671000000000,28.887000000000,31.558000000000
735781.661805555570,2.668000000000,29.220000000000,31.888000000000
735781.662499999980,2.634000000000,29.400000000000,32.034000000000
735781.663194444500,2.594000000000,29.434000000000,32.028000000000
735781.663888888900,2.580000000000,29.615000000000,32.195000000000
735781.664583333300,2.564000000000,30.246000000000,32.810000000000
735781.665277777820,2.524000000000,33.905000000000,36.429000000000
735781.665972222220,2.509000000000,33.278000000000,35.787000000000
735781.666666666630,2.501000000000,30.056000000000,32.556000000000
735781.667361111150,0.962000000000,30.897000000000,31.859000000000
735781.668055555550,1.249000000000,30.227000000000,31.476000000000
735781.668749999950,2.453000000000,28.903000000000,31.356000000000
735781.669444444470,2.194000000000,29.227000000000,31.422000000000
735781.670138888880,2.317000000000,28.918000000000,31.235000000000
735781.670833333280,2.035000000000,29.795000000000,31.830000000000
735781.671527777800,2.183000000000,37.423000000000,39.606000000000
735781.672222222200,1.493000000000,40.584000000000,42.077000000000
735781.672916666720,2.276000000000,39.832000000000,42.107000000000
735781.673611111120,2.307000000000,39.383000000000,41.690000000000
735781.674305555530,2.278000000000,36.993000000000,39.272000000000
735781.675000000050,2.267000000000,37.665000000000,39.932000000000
735781.675694444450,2.240000000000,39.888000000000,42.129000000000
735781.676388888850,2.219000000000,39.853000000000,42.072000000000
735781.677083333370,2.200000000000,39.974000000000,42.174000000000
735781.677777777780,2.156000000000,40.001000000000,42.157000000000
735781.678472222180,2.156000000000,39.949000000000,42.104000000000
735781.679166666700,2.170000000000,38.569000000000,40.739000000000
735781.679861111100,2.167000000000,36.077000000000,38.244000000000
735781.680555555500,2.149000000000,33.887000000000,36.036000000000
735781.681250000020,2.042000000000,31.895000000000,33.937000000000
735781.681944444430,2.150000000000,28.634000000000,30.784000000000
735781.682638888950,2.135000000000,27.244000000000,29.379000000000
735781.683333333350,2.150000000000,26.184000000000,28.334000000000
735781.684027777750,2.133000000000,26.814000000000,28.947000000000
735781.684722222270,0.985000000000,27.592000000000,28.577000000000
735781.685416666670,0.899000000000,27.609000000000,28.508000000000
735781.686111111080,1.728000000000,26.676000000000,28.404000000000
735781.686805555600,1.925000000000,27.627000000000,29.552000000000
735781.687500000000,1.078000000000,30.814000000000,31.892000000000
735781.688194444400,0.702000000000,31.410000000000,32.112000000000
735781.688888888920,1.788000000000,27.506000000000,29.294000000000
735781.689583333330,1.956000000000,26.699000000000,28.655000000000
735781.690277777730,1.899000000000,26.040000000000,27.939000000000
735781.690972222250,1.854000000000,25.274000000000,27.128000000000
735781.691666666650,1.813000000000,24.776000000000,26.589000000000
735781.692361111050,1.794000000000,24.732000000000,26.526000000000
735781.693055555570,1.162000000000,25.011000000000,26.173000000000
735781.693749999980,0.562000000000,28.284000000000,28.845000000000
735781.694444444500,0.630000000000,29.384000000000,30.014000000000
735781.695138888900,1.686000000000,28.618000000000,30.303000000000
735781.695833333300,1.686000000000,28.610000000000,30.296000000000
735781.696527777820,1.664000000000,26.726000000000,28.389000000000
735781.697222222220,0.868000000000,26.854000000000,27.722000000000
735781.697916666630,0.445000000000,26.110000000000,26.555000000000
735781.698611111150,0.428000000000,25.448000000000,25.876000000000
735781.699305555550,0.536000000000,24.842000000000,25.378000000000
735781.699999999950,1.163000000000,24.132000000000,25.294000000000
735781.700694444470,0.574000000000,24.669000000000,25.243000000000
735781.701388888880,0.738000000000,24.664000000000,25.401000000000
735781.702083333280,1.555000000000,19.318000000000,20.872000000000
735781.702777777800,1.571000000000,31.375000000000,32.945000000000
735781.703472222200,1.555000000000,35.635000000000,37.190000000000
735781.704166666720,1.532000000000,35.663000000000,37.195000000000
735781.704861111120,1.452000000000,36.047000000000,37.499000000000
735781.705555555530,1.306000000000,36.308000000000,37.614000000000
735781.706250000050,1.377000000000,35.743000000000,37.119000000000
735781.706944444450,1.357000000000,35.142000000000,36.499000000000
735781.707638888850,1.333000000000,29.455000000000,30.788000000000
735781.708333333370,1.230000000000,28.352000000000,29.582000000000
735781.709027777780,0.748000000000,28.334000000000,29.082000000000
735781.709722222180,1.066000000000,27.992000000000,29.058000000000
735781.710416666700,1.194000000000,28.408000000000,29.602000000000
735781.711111111100,1.202000000000,32.275000000000,33.477000000000
735781.711805555500,1.204000000000,31.141000000000,32.345000000000
735781.712500000020,1.202000000000,31.635000000000,32.837000000000
735781.713194444430,1.189000000000,28.604000000000,29.793000000000
735781.713888888950,1.157000000000,28.054000000000,29.211000000000
735781.714583333350,1.084000000000,28.199000000000,29.282000000000
735781.715277777750,1.001000000000,31.802000000000,32.804000000000
735781.715972222270,0.947000000000,32.050000000000,32.997000000000
735781.716666666670,0.570000000000,31.830000000000,32.400000000000
735781.717361111080,0.380000000000,32.360000000000,32.740000000000
735781.718055555600,0.382000000000,32.262000000000,32.644000000000
735781.718750000000,0.386000000000,37.244000000000,37.630000000000
735781.719444444400,0.867000000000,38.106000000000,38.973000000000
735781.720138888920,0.995000000000,38.144000000000,39.140000000000
735781.720833333330,0.955000000000,38.205000000000,39.160000000000
735781.721527777730,0.909000000000,38.107000000000,39.016000000000
735781.722222222250,0.915000000000,38.129000000000,39.044000000000
735781.722916666650,0.883000000000,38.015000000000,38.897000000000
735781.723611111050,0.845000000000,37.917000000000,38.763000000000
735781.724305555570,0.797000000000,35.650000000000,36.448000000000
735781.724999999980,0.781000000000,34.239000000000,35.020000000000
735781.725694444500,0.791000000000,32.020000000000,32.811000000000
735781.726388888900,0.778000000000,31.406000000000,32.184000000000
735781.727083333300,0.767000000000,31.114000000000,31.881000000000
735781.727777777820,0.715000000000,33.894000000000,34.609000000000
735781.728472222220,0.628000000000,34.112000000000,34.740000000000
735781.729166666630,0.536000000000,32.025000000000,32.561000000000
735781.729861111150,0.480000000000,31.254000000000,31.734000000000
735781.730555555550,0.431000000000,32.381000000000,32.811000000000
735781.731249999950,0.397000000000,31.495000000000,31.891000000000
735781.731944444470,0.406000000000,31.267000000000,31.673000000000
735781.732638888880,0.399000000000,31.185000000000,31.585000000000
735781.733333333280,0.372000000000,31.203000000000,31.575000000000
735781.734027777800,0.363000000000,30.617000000000,30.980000000000
735781.734722222200,0.360000000000,35.310000000000,35.670000000000
735781.735416666720,0.356000000000,39.262000000000,39.617000000000
735781.736111111120,0.357000000000,39.362000000000,39.718000000000
735781.736805555530,0.349000000000,39.173000000000,39.523000000000
735781.737500000050,0.355000000000,38.896000000000,39.251000000000
735781.738194444450,0.345000000000,38.779000000000,39.124000000000
735781.738888888850,0.335000000000,38.632000000000,38.967000000000
735781.739583333370,0.320000000000,38.226000000000,38.547000000000
735781.740277777780,0.303000000000,38.057000000000,38.360000000000
735781.740972222180,0.287000000000,37.908000000000,38.195000000000
735781.741666666700,0.275000000000,37.969000000000,38.243000000000
735781.742361111100,0.267000000000,37.732000000000,38.000000000000
735781.743055555500,0.262000000000,33.735000000000,33.997000000000
735781.743750000020,0.258000000000,35.058000000000,35.316000000000
735781.744444444430,0.251000000000,31.976000000000,32.226000000000
735781.745138888950,0.242000000000,33.287000000000,33.529000000000
735781.745833333350,0.230000000000,33.127000000000,33.357000000000
735781.746527777750,0.219000000000,32.190000000000,32.408000000000
735781.747222222270,0.206000000000,30.397000000000,30.603000000000
735781.747916666670,0.196000000000,29.980000000000,30.176000000000
735781.748611111080,0.188000000000,29.941000000000,30.129000000000
735781.749305555600,0.179000000000,30.056000000000,30.235000000000
735781.750000000000,0.170000000000,30.140000000000,30.309000000000
735781.750694444400,0.157000000000,32.931000000000,33.089000000000
735781.751388888920,0.142000000000,34.170000000000,34.312000000000
735781.752083333330,0.125000000000,34.164000000000,34.289000000000
735781.752777777730,0.109000000000,34.175000000000,34.283000000000
735781.753472222250,0.096000000000,34.322000000000,34.418000000000
735781.754166666650,0.086000000000,37.148000000000,37.234000000000
735781.754861111050,0.076000000000,38.668000000000,38.744000000000
735781.755555555570,0.067000000000,37.719000000000,37.786000000000
735781.756249999980,0.060000000000,37.959000000000,38.018000000000
735781.756944444500,0.054000000000,38.455000000000,38.509000000000
735781.757638888900,0.047000000000,38.606000000000,38.653000000000
735781.758333333300,0.041000000000,38.845000000000,38.886000000000
735781.759027777820,0.035000000000,38.766000000000,38.801000000000
735781.759722222220,0.029000000000,33.558000000000,33.587000000000
735781.760416666630,0.024000000000,32.268000000000,32.291000000000
735781.761111111150,0.019000000000,31.011000000000,31.030000000000
735781.761805555550,0.014000000000,30.529000000000,30.543000000000
735781.762499999950,0.010000000000,28.897000000000,28.907000000000
735781.763194444470,0.005000000000,27.329000000000,27.335000000000
735781.763888888880,0.001000000000,25.895000000000,25.896000000000
735781.764583333280,-0.003000000000,24.115000000000,24.115000000000
735781.765277777800,-0.005000000000,24.285000000000,24.285000000000
735781.765972222200,-0.009000000000,23.671000000000,23.671000000000
735781.766666666720,-0.012000000000,26.220000000000,26.220000000000
735781.767361111120,-0.014000000000,29.878000000000,29.878000000000
735781.768055555530,-0.016000000000,30.351000000000,30.351000000000
735781.768750000050,-0.017000000000,30.421000000000,30.421000000000
735781.769444444450,-0.019000000000,30.475000000000,30.475000000000
735781.770138888850,-0.020000000000,29.520000000000,29.520000000000
735781.770833333370,-0.021000000000,28.334000000000,28.334000000000
735781.771527777780,-0.022000000000,32.795000000000,32.795000000000
735781.772222222180,-0.024000000000,36.853000000000,36.853000000000
735781.772916666700,-0.025000000000,38.842000000000,38.842000000000
735781.773611111100,-0.026000000000,38.699000000000,38.699000000000
735781.774305555500,-0.027000000000,38.936000000000,38.936000000000
735781.775000000020,-0.028000000000,38.853000000000,38.853000000000
735781.775694444430,-0.028000000000,36.847000000000,36.847000000000
735781.776388888950,-0.029000000000,35.386000000000,35.386000000000
735781.777083333350,-0.029000000000,38.012000000000,38.012000000000
735781.777777777750,-0.029000000000,39.503000000000,39.503000000000
735781.778472222270,-0.029000000000,39.782000000000,39.782000000000
735781.779166666670,-0.030000000000,39.861000000000,39.861000000000
735781.779861111080,-0.029000000000,39.750000000000,39.750000000000
735781.780555555600,-0.029000000000,39.505000000000,39.505000000000
735781.781250000000,-0.010000000000,35.790000000000,35.790000000000
735781.781944444400,-0.002000000000,30.839000000000,30.839000000000
735781.782638888920,-0.002000000000,30.033000000000,30.033000000000
735781.783333333330,-0.002000000000,29.873000000000,29.873000000000
735781.784027777730,-0.002000000000,34.561000000000,34.561000000000
735781.784722222250,-0.002000000000,37.656000000000,37.656000000000
735781.785416666650,-0.002000000000,37.563000000000,37.563000000000
735781.786111111050,-0.002000000000,37.487000000000,37.487000000000
735781.786805555570,-0.002000000000,34.338000000000,34.338000000000
735781.787499999980,-0.002000000000,38.397000000000,38.397000000000
735781.788194444500,-0.002000000000,42.968000000000,42.968000000000
735781.788888888900,-0.002000000000,43.793000000000,43.793000000000
735781.789583333300,-0.002000000000,43.842000000000,43.842000000000
735781.790277777820,-0.003000000000,43.798000000000,43.798000000000
735781.790972222220,-0.003000000000,43.704000000000,43.704000000000
735781.791666666630,-0.003000000000,44.185000000000,44.185000000000
735781.792361111150,-0.003000000000,44.405000000000,44.405000000000
735781.793055555550,-0.003000000000,43.468000000000,43.468000000000
735781.793749999950,-0.002000000000,40.586000000000,40.586000000000
735781.794444444470,-0.003000000000,39.914000000000,39.914000000000
735781.795138888880,-0.002000000000,36.756000000000,36.756000000000
735781.795833333280,-0.003000000000,35.855000000000,35.855000000000
735781.796527777800,-0.003000000000,35.648000000000,35.648000000000
735781.797222222200,-0.003000000000,34.299000000000,34.299000000000
735781.797916666720,-0.003000000000,32.232000000000,32.232000000000
735781.798611111120,-0.003000000000,30.938000000000,30.938000000000
735781.799305555530,-0.003000000000,30.018000000000,30.018000000000
735781.800000000050,-0.003000000000,29.998000000000,29.998000000000
735781.800694444450,-0.003000000000,30.209000000000,30.209000000000
735781.801388888850,-0.003000000000,30.259000000000,30.259000000000
735781.802083333370,-0.003000000000,30.201000000000,30.201000000000
735781.802777777780,-0.003000000000,31.010000000000,31.010000000000
735781.803472222180,-0.003000000000,30.728000000000,30.728000000000
735781.804166666700,-0.003000000000,34.776000000000,34.776000000000
735781.804861111100,-0.003000000000,37.885000000000,37.885000000000
735781.805555555500,-0.003000000000,37.813000000000,37.813000000000
735781.806250000020,-0.003000000000,37.561000000000,37.561000000000
735781.806944444430,-0.003000000000,36.803000000000,36.803000000000
735781.807638888950,-0.003000000000,36.827000000000,36.827000000000
735781.808333333350,-0.003000000000,36.866000000000,36.866000000000
735781.809027777750,-0.003000000000,37.007000000000,37.007000000000
735781.809722222270,-0.003000000000,34.927000000000,34.927000000000
735781.810416666670,-0.003000000000,35.584000000000,35.584000000000
735781.811111111080,-0.003000000000,33.465000000000,33.465000000000
735781.811805555600,-0.003000000000,31.745000000000,31.745000000000
735781.812500000000,-0.003000000000,29.886000000000,29.886000000000
735781.813194444400,-0.003000000000,28.098000000000,28.098000000000
735781.813888888920,-0.003000000000,26.741000000000,26.741000000000
735781.814583333330,-0.003000000000,26.002000000000,26.002000000000
735781.815277777730,-0.003000000000,23.025000000000,23.025000000000
735781.815972222250,-0.003000000000,23.035000000000,23.035000000000
735781.816666666650,-0.003000000000,22.927000000000,22.927000000000
735781.817361111050,-0.003000000000,22.799000000000,22.799000000000
735781.818055555570,-0.003000000000,22.406000000000,22.406000000000
735781.818749999980,-0.003000000000,24.395000000000,24.395000000000
735781.819444444500,-0.003000000000,27.468000000000,27.468000000000
735781.820138888900,-0.003000000000,29.207000000000,29.207000000000
735781.820833333300,-0.003000000000,33.065000000000,33.065000000000
735781.821527777820,-0.003000000000,33.235000000000,33.235000000000
735781.822222222220,-0.003000000000,37.541000000000,37.541000000000
735781.822916666630,-0.003000000000,36.941000000000,36.941000000000
735781.823611111150,-0.002000000000,36.612000000000,36.612000000000
735781.824305555550,-0.002000000000,35.202000000000,35.202000000000
735781.824999999950,-0.003000000000,35.124000000000,35.124000000000
735781.825694444470,-0.003000000000,34.973000000000,34.973000000000
735781.826388888880,-0.003000000000,32.250000000000,32.250000000000
735781.827083333280,-0.003000000000,31.518000000000,31.518000000000
735781.827777777800,-0.003000000000,30.971000000000,30.971000000000
735781.828472222200,-0.003000000000,27.854000000000,27.854000000000
735781.829166666720,-0.003000000000,24.665000000000,24.665000000000
735781.829861111120,-0.003000000000,23.234000000000,23.234000000000
735781.830555555530,-0.003000000000,22.549000000000,22.549000000000
735781.831250000050,-0.003000000000,21.340000000000,21.340000000000
735781.831944444450,-0.003000000000,20.585000000000,20.585000000000
735781.832638888850,-0.003000000000,23.130000000000,23.130000000000
735781.833333333370,-0.002000000000,23.199000000000,23.199000000000
735781.834027777780,-0.002000000000,24.702000000000,24.702000000000
735781.834722222180,-0.002000000000,27.497000000000,27.497000000000
735781.835416666700,-0.002000000000,27.191000000000,27.191000000000
735781.836111111100,-0.002000000000,27.219000000000,27.219000000000
735781.836805555500,-0.002000000000,27.335000000000,27.335000000000
735781.837500000020,-0.002000000000,29.919000000000,29.919000000000
735781.838194444430,-0.002000000000,31.660000000000,31.660000000000
735781.838888888950,-0.002000000000,34.435000000000,34.435000000000
735781.839583333350,-0.002000000000,37.672000000000,37.672000000000
735781.840277777750,-0.002000000000,37.741000000000,37.741000000000
735781.840972222270,-0.002000000000,32.748000000000,32.748000000000
735781.841666666670,-0.002000000000,32.100000000000,32.100000000000
735781.842361111080,-0.001000000000,33.521000000000,33.521000000000
735781.843055555600,-0.001000000000,32.483000000000,32.483000000000
735781.843750000000,0.000000000000,26.767000000000,26.767000000000
735781.844444444400,0.000000000000,25.671000000000,25.671000000000
735781.845138888920,0.000000000000,24.716000000000,24.716000000000
735781.845833333330,-0.001000000000,25.423000000000,25.423000000000
735781.846527777730,-0.002000000000,25.672000000000,25.672000000000
735781.847222222250,-0.003000000000,24.901000000000,24.901000000000
735781.847916666650,-0.003000000000,24.838000000000,24.838000000000
735781.848611111050,-0.003000000000,24.718000000000,24.718000000000
735781.849305555570,-0.003000000000,21.908000000000,21.908000000000
735781.849999999980,-0.002000000000,20.832000000000,20.832000000000
735781.850694444500,-0.002000000000,23.299000000000,23.299000000000
735781.851388888900,-0.003000000000,21.059000000000,21.059000000000
735781.852083333300,-0.002000000000,23.085000000000,23.085000000000
735781.852777777820,-0.003000000000,23.243000000000,23.243000000000
735781.853472222220,-0.002000000000,23.220000000000,23.220000000000
735781.854166666630,-0.002000000000,23.165000000000,23.165000000000
735781.854861111150,-0.002000000000,22.737000000000,22.737000000000
735781.855555555550,-0.002000000000,20.177000000000,20.177000000000
735781.856249999950,-0.003000000000,19.067000000000,19.067000000000
735781.856944444470,-0.004000000000,27.601000000000,27.601000000000
735781.857638888880,-0.004000000000,29.535000000000,29.535000000000
735781.858333333280,-0.004000000000,29.473000000000,29.473000000000
735781.859027777800,-0.004000000000,27.586000000000,27.586000000000
735781.859722222200,-0.004000000000,28.083000000000,28.083000000000
735781.860416666720,-0.004000000000,27.415000000000,27.415000000000
735781.861111111120,-0.004000000000,27.524000000000,27.524000000000
735781.861805555530,-0.004000000000,27.948000000000,27.948000000000
735781.862500000050,-0.004000000000,27.773000000000,27.773000000000
735781.863194444450,-0.004000000000,27.322000000000,27.322000000000
735781.863888888850,-0.004000000000,26.660000000000,26.660000000000
735781.864583333370,-0.004000000000,24.181000000000,24.181000000000
735781.865277777780,-0.004000000000,19.816000000000,19.816000000000
735781.865972222180,-0.004000000000,20.763000000000,20.763000000000
735781.866666666700,-0.004000000000,21.876000000000,21.876000000000
735781.867361111100,-0.003000000000,26.852000000000,26.852000000000
735781.868055555500,-0.002000000000,24.827000000000,24.827000000000
735781.868750000020,-0.002000000000,20.691000000000,20.691000000000
735781.869444444430,-0.002000000000,19.340000000000,19.340000000000
735781.870138888950,-0.002000000000,19.971000000000,19.971000000000
735781.870833333350,-0.002000000000,20.861000000000,20.861000000000
735781.871527777750,-0.002000000000,22.569000000000,22.569000000000
735781.872222222270,-0.002000000000,24.176000000000,24.176000000000
735781.872916666670,-0.002000000000,26.993000000000,26.993000000000
735781.873611111080,-0.003000000000,34.468000000000,34.468000000000
735781.874305555600,-0.004000000000,33.807000000000,33.807000000000
735781.875000000000,-0.004000000000,33.207000000000,33.207000000000
735781.875694444400,-0.004000000000,32.546000000000,32.546000000000
735781.876388888920,-0.004000000000,32.399000000000,32.399000000000
735781.877083333330,-0.004000000000,29.733000000000,29.733000000000
735781.877777777730,-0.003000000000,28.730000000000,28.730000000000
735781.878472222250,-0.002000000000,25.593000000000,25.593000000000
735781.879166666650,-0.002000000000,24.424000000000,24.424000000000
735781.879861111050,-0.002000000000,22.869000000000,22.869000000000
735781.880555555570,-0.002000000000,22.728000000000,22.728000000000
735781.881249999980,-0.002000000000,25.769000000000,25.769000000000
735781.881944444500,-0.002000000000,28.310000000000,28.310000000000
735781.882638888900,-0.002000000000,28.695000000000,28.695000000000
735781.883333333300,-0.002000000000,31.225000000000,31.225000000000
735781.884027777820,-0.002000000000,28.861000000000,28.861000000000
735781.884722222220,-0.001000000000,27.799000000000,27.799000000000
735781.885416666630,-0.001000000000,25.038000000000,25.038000000000
735781.886111111150,-0.002000000000,24.028000000000,24.028000000000
735781.886805555550,-0.002000000000,26.216000000000,26.216000000000
735781.887499999950,-0.002000000000,27.560000000000,27.560000000000
735781.888194444470,-0.002000000000,27.802000000000,27.802000000000
735781.888888888880,-0.003000000000,30.334000000000,30.334000000000
735781.889583333280,-0.004000000000,29.027000000000,29.027000000000
735781.890277777800,-0.004000000000,28.303000000000,28.303000000000
735781.890972222200,-0.004000000000,27.876000000000,27.876000000000
735781.891666666720,-0.004000000000,27.939000000000,27.939000000000
735781.892361111120,-0.004000000000,28.588000000000,28.588000000000
735781.893055555530,-0.004000000000,28.053000000000,28.053000000000
735781.893750000050,-0.002000000000,25.818000000000,25.818000000000
735781.894444444450,-0.002000000000,25.533000000000,25.533000000000
735781.895138888850,-0.002000000000,28.986000000000,28.986000000000
735781.895833333370,-0.002000000000,26.914000000000,26.914000000000
735781.896527777780,-0.002000000000,26.094000000000,26.094000000000
735781.897222222180,-0.002000000000,28.830000000000,28.830000000000
735781.897916666700,-0.002000000000,29.017000000000,29.017000000000
735781.898611111100,-0.002000000000,23.950000000000,23.950000000000
735781.899305555500,-0.002000000000,22.566000000000,22.566000000000
735781.900000000020,-0.002000000000,22.216000000000,22.216000000000
735781.900694444430,-0.002000000000,21.955000000000,21.955000000000
735781.901388888950,-0.002000000000,21.863000000000,21.863000000000
735781.902083333350,-0.002000000000,21.767000000000,21.767000000000
735781.902777777750,-0.002000000000,21.614000000000,21.614000000000
735781.903472222270,-0.002000000000,21.750000000000,21.750000000000
735781.904166666670,-0.004000000000,25.908000000000,25.908000000000
735781.904861111080,-0.004000000000,24.918000000000,24.918000000000
735781.905555555600,-0.004000000000,21.355000000000,21.355000000000
735781.906250000000,-0.004000000000,19.831000000000,19.831000000000
735781.906944444400,-0.004000000000,19.197000000000,19.197000000000
735781.907638888920,-0.004000000000,17.210000000000,17.210000000000
735781.908333333330,-0.004000000000,18.524000000000,18.524000000000
735781.909027777730,-0.002000000000,19.517000000000,19.517000000000
735781.909722222250,-0.002000000000,21.256000000000,21.256000000000
735781.910416666650,-0.002000000000,21.153000000000,21.153000000000
735781.911111111050,-0.002000000000,21.149000000000,21.149000000000
735781.911805555570,-0.002000000000,21.086000000000,21.086000000000
735781.912499999980,-0.002000000000,19.647000000000,19.647000000000
735781.913194444500,-0.002000000000,21.676000000000,21.676000000000
735781.913888888900,-0.002000000000,27.170000000000,27.170000000000
735781.914583333300,-0.002000000000,33.609000000000,33.609000000000
735781.915277777820,-0.002000000000,33.021000000000,33.021000000000
735781.915972222220,-0.001000000000,31.531000000000,31.531000000000
735781.916666666630,-0.001000000000,31.510000000000,31.510000000000
735781.917361111150,-0.001000000000,31.263000000000,31.263000000000
735781.918055555550,-0.003000000000,30.955000000000,30.955000000000
735781.918749999950,-0.004000000000,31.296000000000,31.296000000000
735781.919444444470,-0.004000000000,30.405000000000,30.405000000000
735781.920138888880,-0.004000000000,28.773000000000,28.773000000000
735781.920833333280,-0.004000000000,28.076000000000,28.076000000000
735781.921527777800,-0.004000000000,23.547000000000,23.547000000000
735781.922222222200,-0.004000000000,21.495000000000,21.495000000000
735781.922916666720,-0.002000000000,20.420000000000,20.420000000000
735781.923611111120,-0.002000000000,22.158000000000,22.158000000000
735781.924305555530,-0.002000000000,21.932000000000,21.932000000000
735781.925000000050,-0.002000000000,19.547000000000,19.547000000000
735781.925694444450,-0.001000000000,18.319000000000,18.319000000000
735781.926388888850,-0.002000000000,15.569000000000,15.569000000000
735781.927083333370,-0.002000000000,17.172000000000,17.172000000000
735781.927777777780,-0.002000000000,17.440000000000,17.440000000000
735781.928472222180,-0.002000000000,18.262000000000,18.262000000000
735781.929166666700,-0.002000000000,23.569000000000,23.569000000000
735781.929861111100,-0.002000000000,24.970000000000,24.970000000000
735781.930555555500,-0.002000000000,27.653000000000,27.653000000000
735781.931250000020,-0.002000000000,28.177000000000,28.177000000000
735781.931944444430,-0.002000000000,33.609000000000,33.609000000000
735781.932638888950,-0.004000000000,35.716000000000,35.716000000000
735781.933333333350,-0.004000000000,35.450000000000,35.450000000000
735781.934027777750,-0.004000000000,36.999000000000,36.999000000000
735781.934722222270,-0.004000000000,38.833000000000,38.833000000000
735781.935416666670,-0.004000000000,37.845000000000,37.845000000000
735781.936111111080,-0.004000000000,34.176000000000,34.176000000000
735781.936805555600,-0.002000000000,29.947000000000,29.947000000000
735781.937500000000,-0.001000000000,31.253000000000,31.253000000000
735781.938194444400,-0.001000000000,29.246000000000,29.246000000000
735781.938888888920,-0.001000000000,28.220000000000,28.220000000000
735781.939583333330,-0.001000000000,29.180000000000,29.180000000000
735781.940277777730,-0.001000000000,27.370000000000,27.370000000000
735781.940972222250,-0.001000000000,25.885000000000,25.885000000000
735781.941666666650,-0.002000000000,24.893000000000,24.893000000000
735781.942361111050,-0.001000000000,24.809000000000,24.809000000000
735781.943055555570,-0.001000000000,25.652000000000,25.652000000000
735781.943749999980,-0.001000000000,22.809000000000,22.809000000000
735781.944444444500,-0.001000000000,22.741000000000,22.741000000000
735781.945138888900,-0.001000000000,24.859000000000,24.859000000000
735781.945833333300,-0.001000000000,25.305000000000,25.305000000000
735781.946527777820,-0.004000000000,28.874000000000,28.874000000000
735781.947222222220,-0.003000000000,29.003000000000,29.003000000000
735781.947916666630,-0.003000000000,28.898000000000,28.898000000000
735781.948611111150,-0.003000000000,26.015000000000,26.015000000000
735781.949305555550,-0.004000000000,26.735000000000,26.735000000000
735781.949999999950,-0.004000000000,28.069000000000,28.069000000000
735781.950694444470,-0.002000000000,27.945000000000,27.945000000000
735781.951388888880,-0.001000000000,22.682000000000,22.682000000000
735781.952083333280,-0.001000000000,25.034000000000,25.034000000000
735781.952777777800,-0.001000000000,26.593000000000,26.593000000000
735781.953472222200,-0.001000000000,29.700000000000,29.700000000000
735781.954166666720,-0.002000000000,29.720000000000,29.720000000000
735781.954861111120,-0.001000000000,26.481000000000,26.481000000000
735781.955555555530,-0.001000000000,23.767000000000,23.767000000000
735781.956250000050,-0.002000000000,22.235000000000,22.235000000000
735781.956944444450,-0.001000000000,22.078000000000,22.078000000000
735781.957638888850,-0.001000000000,22.020000000000,22.020000000000
735781.958333333370,-0.001000000000,21.844000000000,21.844000000000
735781.959027777780,-0.001000000000,21.880000000000,21.880000000000
735781.959722222180,-0.001000000000,22.139000000000,22.139000000000
735781.960416666700,-0.004000000000,29.499000000000,29.499000000000
735781.961111111100,-0.004000000000,27.068000000000,27.068000000000
735781.961805555500,-0.004000000000,26.314000000000,26.314000000000
735781.962500000020,-0.004000000000,25.836000000000,25.836000000000
735781.963194444430,-0.004000000000,25.052000000000,25.052000000000
735781.963888888950,-0.004000000000,23.032000000000,23.032000000000
735781.964583333350,-0.002000000000,23.464000000000,23.464000000000
735781.965277777750,-0.001000000000,23.052000000000,23.052000000000
735781.965972222270,-0.001000000000,23.728000000000,23.728000000000
735781.966666666670,-0.001000000000,25.647000000000,25.647000000000
735781.967361111080,-0.002000000000,26.437000000000,26.437000000000
735781.968055555600,-0.001000000000,27.774000000000,27.774000000000
735781.968750000000,-0.002000000000,29.174000000000,29.174000000000
735781.969444444400,-0.001000000000,31.884000000000,31.884000000000
735781.970138888920,-0.001000000000,26.957000000000,26.957000000000
735781.970833333330,-0.002000000000,29.343000000000,29.343000000000
735781.971527777730,-0.002000000000,30.415000000000,30.415000000000
735781.972222222250,-0.002000000000,33.912000000000,33.912000000000
735781.972916666650,-0.002000000000,34.455000000000,34.455000000000
735781.973611111050,-0.002000000000,32.540000000000,32.540000000000
735781.974305555570,-0.004000000000,34.770000000000,34.770000000000
735781.974999999980,-0.004000000000,31.680000000000,31.680000000000
735781.975694444500,-0.004000000000,34.673000000000,34.673000000000
735781.976388888900,-0.004000000000,30.142000000000,30.142000000000
735781.977083333300,-0.004000000000,27.686000000000,27.686000000000
735781.977777777820,-0.003000000000,24.653000000000,24.653000000000
735781.978472222220,-0.002000000000,22.866000000000,22.866000000000
735781.979166666630,-0.001000000000,21.897000000000,21.897000000000
735781.979861111150,-0.002000000000,21.387000000000,21.387000000000
735781.980555555550,-0.002000000000,18.664000000000,18.664000000000
735781.981249999950,-0.002000000000,19.458000000000,19.458000000000
735781.981944444470,-0.002000000000,20.354000000000,20.354000000000
735781.982638888880,-0.002000000000,20.452000000000,20.452000000000
735781.983333333280,-0.002000000000,20.437000000000,20.437000000000
735781.984027777800,-0.002000000000,18.012000000000,18.012000000000
735781.984722222200,-0.002000000000,16.364000000000,16.364000000000
735781.985416666720,-0.001000000000,15.168000000000,15.168000000000
735781.986111111120,-0.001000000000,14.965000000000,14.965000000000
735781.986805555530,-0.002000000000,14.870000000000,14.870000000000
735781.987500000050,-0.002000000000,19.713000000000,19.713000000000
735781.988194444450,-0.004000000000,25.953000000000,25.953000000000
735781.988888888850,-0.004000000000,25.669000000000,25.669000000000
735781.989583333370,-0.004000000000,24.561000000000,24.561000000000
735781.990277777780,-0.004000000000,26.418000000000,26.418000000000
735781.990972222180,-0.004000000000,25.694000000000,25.694000000000
735781.991666666700,-0.004000000000,26.366000000000,26.366000000000
735781.992361111100,-0.002000000000,23.408000000000,23.408000000000
735781.993055555500,-0.002000000000,22.571000000000,22.571000000000
735781.993750000020,-0.002000000000,20.386000000000,20.386000000000
735781.994444444430,-0.002000000000,18.782000000000,18.782000000000
735781.995138888950,-0.002000000000,17.306000000000,17.306000000000
735781.995833333350,-0.002000000000,16.417000000000,16.417000000000
735781.996527777750,-0.002000000000,15.681000000000,15.681000000000
735781.997222222270,-0.002000000000,12.556000000000,12.556000000000
735781.997916666670,-0.001000000000,16.069000000000,16.069000000000
735781.998611111080,-0.002000000000,15.351000000000,15.351000000000
735781.999305555600,-0.002000000000,15.147000000000,15.147000000000
735782.000000000000,-0.002000000000,12.509000000000,12.509000000000
